,time_period,rainfall,mean_temperature,disease_cases,population,parent,location,Cases,E,month,ID_year,ID_spat
0,2012-03,139.155,26.93,0.0,12080.2325874919,-,AltoParaguay,0.0,12080.2325874919,3,2012,AltoParaguay
1,2012-04,173.667,25.26,1.0,12080.2325874919,-,AltoParaguay,1.0,12080.2325874919,4,2012,AltoParaguay
2,2012-05,137.261,22.85,0.0,12080.2325874919,-,AltoParaguay,0.0,12080.2325874919,5,2012,AltoParaguay
3,2012-06,53.056,20.79,0.0,12080.2325874919,-,AltoParaguay,0.0,12080.2325874919,6,2012,AltoParaguay
4,2012-07,20.23,19.7,6.0,12080.2325874919,-,AltoParaguay,6.0,12080.2325874919,7,2012,AltoParaguay
5,2012-08,4.227,24.99,0.0,12080.2325874919,-,AltoParaguay,0.0,12080.2325874919,8,2012,AltoParaguay
6,2012-09,47.526,27.72,1.0,12080.2325874919,-,AltoParaguay,1.0,12080.2325874919,9,2012,AltoParaguay
7,2012-10,68.548,29.66,0.0,12080.2325874919,-,AltoParaguay,0.0,12080.2325874919,10,2012,AltoParaguay
8,2012-11,198.453,27.44,0.0,12080.2325874919,-,AltoParaguay,0.0,12080.2325874919,11,2012,AltoParaguay
9,2012-12,64.976,29.61,0.0,12080.2325874919,-,AltoParaguay,0.0,12080.2325874919,12,2012,AltoParaguay
10,2013-01,82.103,30.12,7.0,12245.7667618455,-,AltoParaguay,7.0,12245.7667618455,1,2013,AltoParaguay
11,2013-02,108.674,29.24,1.0,12245.7667618455,-,AltoParaguay,1.0,12245.7667618455,2,2013,AltoParaguay
12,2013-03,60.653,27.95,8.0,12245.7667618455,-,AltoParaguay,8.0,12245.7667618455,3,2013,AltoParaguay
13,2013-04,76.448,25.32,3.0,12245.7667618455,-,AltoParaguay,3.0,12245.7667618455,4,2013,AltoParaguay
14,2013-05,71.778,23.74,0.0,12245.7667618455,-,AltoParaguay,0.0,12245.7667618455,5,2013,AltoParaguay
15,2013-06,114.34,21.47,38.0,12245.7667618455,-,AltoParaguay,38.0,12245.7667618455,6,2013,AltoParaguay
16,2013-07,18.641,20.84,0.0,12245.7667618455,-,AltoParaguay,0.0,12245.7667618455,7,2013,AltoParaguay
17,2013-08,9.246,21.25,0.0,12245.7667618455,-,AltoParaguay,0.0,12245.7667618455,8,2013,AltoParaguay
18,2013-09,26.263,25.34,0.0,12245.7667618455,-,AltoParaguay,0.0,12245.7667618455,9,2013,AltoParaguay
19,2013-10,166.581,25.91,0.0,12245.7667618455,-,AltoParaguay,0.0,12245.7667618455,10,2013,AltoParaguay
20,2013-11,96.233,27.69,0.0,12245.7667618455,-,AltoParaguay,0.0,12245.7667618455,11,2013,AltoParaguay
21,2013-12,131.424,29.79,0.0,12245.7667618455,-,AltoParaguay,0.0,12245.7667618455,12,2013,AltoParaguay
22,2014-01,160.549,27.47,0.0,12415.0630765254,-,AltoParaguay,0.0,12415.0630765254,1,2014,AltoParaguay
23,2014-02,67.449,28.03,0.0,12415.0630765254,-,AltoParaguay,0.0,12415.0630765254,2,2014,AltoParaguay
24,2014-03,218.448,26.15,11.0,12415.0630765254,-,AltoParaguay,11.0,12415.0630765254,3,2014,AltoParaguay
25,2014-04,64.389,26.09,243.0,12415.0630765254,-,AltoParaguay,243.0,12415.0630765254,4,2014,AltoParaguay
26,2014-05,174.232,22.14,323.0,12415.0630765254,-,AltoParaguay,323.0,12415.0630765254,5,2014,AltoParaguay
27,2014-06,76.94,21.32,103.0,12415.0630765254,-,AltoParaguay,103.0,12415.0630765254,6,2014,AltoParaguay
28,2014-07,81.707,20.73,59.0,12415.0630765254,-,AltoParaguay,59.0,12415.0630765254,7,2014,AltoParaguay
29,2014-08,14.823,24.32,49.0,12415.0630765254,-,AltoParaguay,49.0,12415.0630765254,8,2014,AltoParaguay
30,2014-09,45.248,28.43,252.0,12415.0630765254,-,AltoParaguay,252.0,12415.0630765254,9,2014,AltoParaguay
31,2014-10,53.065,30.29,369.0,12415.0630765254,-,AltoParaguay,369.0,12415.0630765254,10,2014,AltoParaguay
32,2014-11,154.895,27.54,654.0,12415.0630765254,-,AltoParaguay,654.0,12415.0630765254,11,2014,AltoParaguay
33,2014-12,104.799,28.06,63.0,12415.0630765254,-,AltoParaguay,63.0,12415.0630765254,12,2014,AltoParaguay
34,2015-01,78.818,30.06,0.0,12582.4783210422,-,AltoParaguay,0.0,12582.4783210422,1,2015,AltoParaguay
35,2015-02,160.678,28.77,0.0,12582.4783210422,-,AltoParaguay,0.0,12582.4783210422,2,2015,AltoParaguay
36,2015-03,120.909,27.89,0.0,12582.4783210422,-,AltoParaguay,0.0,12582.4783210422,3,2015,AltoParaguay
37,2015-04,108.517,26.08,0.0,12582.4783210422,-,AltoParaguay,0.0,12582.4783210422,4,2015,AltoParaguay
38,2015-05,136.831,22.96,0.0,12582.4783210422,-,AltoParaguay,0.0,12582.4783210422,5,2015,AltoParaguay
39,2015-06,31.316,22.93,0.0,12582.4783210422,-,AltoParaguay,0.0,12582.4783210422,6,2015,AltoParaguay
40,2015-07,71.085,21.0,0.0,12582.4783210422,-,AltoParaguay,0.0,12582.4783210422,7,2015,AltoParaguay
41,2015-08,18.537,26.49,0.0,12582.4783210422,-,AltoParaguay,0.0,12582.4783210422,8,2015,AltoParaguay
42,2015-09,118.453,26.64,0.0,12582.4783210422,-,AltoParaguay,0.0,12582.4783210422,9,2015,AltoParaguay
43,2015-10,128.987,27.1,0.0,12582.4783210422,-,AltoParaguay,0.0,12582.4783210422,10,2015,AltoParaguay
44,2015-11,95.092,28.32,0.0,12582.4783210422,-,AltoParaguay,0.0,12582.4783210422,11,2015,AltoParaguay
45,2015-12,157.46,29.79,0.0,12582.4783210422,-,AltoParaguay,0.0,12582.4783210422,12,2015,AltoParaguay
46,2016-01,243.083,29.3,1.0,12749.893565559,-,AltoParaguay,1.0,12749.893565559,1,2016,AltoParaguay
47,2016-02,187.168,28.63,1.0,12749.893565559,-,AltoParaguay,1.0,12749.893565559,2,2016,AltoParaguay
48,2016-03,111.723,26.2,0.0,12749.893565559,-,AltoParaguay,0.0,12749.893565559,3,2016,AltoParaguay
49,2016-04,57.512,26.88,0.0,12749.893565559,-,AltoParaguay,0.0,12749.893565559,4,2016,AltoParaguay
50,2016-05,156.464,20.19,0.0,12749.893565559,-,AltoParaguay,0.0,12749.893565559,5,2016,AltoParaguay
51,2016-06,35.043,17.18,0.0,12749.893565559,-,AltoParaguay,0.0,12749.893565559,6,2016,AltoParaguay
52,2016-07,14.102,21.86,0.0,12749.893565559,-,AltoParaguay,0.0,12749.893565559,7,2016,AltoParaguay
53,2016-08,55.655,24.02,0.0,12749.893565559,-,AltoParaguay,0.0,12749.893565559,8,2016,AltoParaguay
54,2016-09,14.417,23.99,0.0,12749.893565559,-,AltoParaguay,0.0,12749.893565559,9,2016,AltoParaguay
55,2016-10,76.121,27.56,0.0,12749.893565559,-,AltoParaguay,0.0,12749.893565559,10,2016,AltoParaguay
56,2016-11,138.391,26.79,0.0,12749.893565559,-,AltoParaguay,0.0,12749.893565559,11,2016,AltoParaguay
57,2016-12,124.506,28.36,0.0,12749.893565559,-,AltoParaguay,0.0,12749.893565559,12,2016,AltoParaguay
0,2012-03,70.391,24.45,8.0,1105329.61746652,-,AltoParana,8.0,1105329.61746652,3,2012,AltoParana
1,2012-04,243.619,21.53,13.0,1105329.61746652,-,AltoParana,13.0,1105329.61746652,4,2012,AltoParana
2,2012-05,105.167,18.96,3.0,1105329.61746652,-,AltoParana,3.0,1105329.61746652,5,2012,AltoParana
3,2012-06,170.465,17.13,31.0,1105329.61746652,-,AltoParana,31.0,1105329.61746652,6,2012,AltoParana
4,2012-07,139.851,16.22,310.0,1105329.61746652,-,AltoParana,310.0,1105329.61746652,7,2012,AltoParana
5,2012-08,17.895,20.96,0.0,1105329.61746652,-,AltoParana,0.0,1105329.61746652,8,2012,AltoParana
6,2012-09,30.43,22.17,20.0,1105329.61746652,-,AltoParana,20.0,1105329.61746652,9,2012,AltoParana
7,2012-10,168.63,24.27,14.0,1105329.61746652,-,AltoParana,14.0,1105329.61746652,10,2012,AltoParana
8,2012-11,83.005,25.29,0.0,1105329.61746652,-,AltoParana,0.0,1105329.61746652,11,2012,AltoParana
9,2012-12,141.608,27.26,1.0,1105329.61746652,-,AltoParana,1.0,1105329.61746652,12,2012,AltoParana
10,2013-01,127.239,25.85,72.0,1120475.83458534,-,AltoParana,72.0,1120475.83458534,1,2013,AltoParana
11,2013-02,233.163,25.04,166.0,1120475.83458534,-,AltoParana,166.0,1120475.83458534,2,2013,AltoParana
12,2013-03,232.267,23.32,994.0,1120475.83458534,-,AltoParana,994.0,1120475.83458534,3,2013,AltoParana
13,2013-04,183.424,21.35,138.0,1120475.83458534,-,AltoParana,138.0,1120475.83458534,4,2013,AltoParana
14,2013-05,178.331,19.01,152.0,1120475.83458534,-,AltoParana,152.0,1120475.83458534,5,2013,AltoParana
15,2013-06,262.928,17.37,1496.0,1120475.83458534,-,AltoParana,1496.0,1120475.83458534,6,2013,AltoParana
16,2013-07,45.756,16.52,192.0,1120475.83458534,-,AltoParana,192.0,1120475.83458534,7,2013,AltoParana
17,2013-08,88.206,15.96,3.0,1120475.83458534,-,AltoParana,3.0,1120475.83458534,8,2013,AltoParana
18,2013-09,191.969,19.63,8.0,1120475.83458534,-,AltoParana,8.0,1120475.83458534,9,2013,AltoParana
19,2013-10,125.737,21.9,5.0,1120475.83458534,-,AltoParana,5.0,1120475.83458534,10,2013,AltoParana
20,2013-11,148.871,24.28,1.0,1120475.83458534,-,AltoParana,1.0,1120475.83458534,11,2013,AltoParana
21,2013-12,97.505,26.28,14.0,1120475.83458534,-,AltoParana,14.0,1120475.83458534,12,2013,AltoParana
22,2014-01,176.15,26.25,0.0,1135966.2839114,-,AltoParana,0.0,1135966.2839114,1,2014,AltoParana
23,2014-02,78.613,26.88,0.0,1135966.2839114,-,AltoParana,0.0,1135966.2839114,2,2014,AltoParana
24,2014-03,257.137,23.64,2.0,1135966.2839114,-,AltoParana,2.0,1135966.2839114,3,2014,AltoParana
25,2014-04,216.144,22.02,12.0,1135966.2839114,-,AltoParana,12.0,1135966.2839114,4,2014,AltoParana
26,2014-05,170.164,18.78,98.0,1135966.2839114,-,AltoParana,98.0,1135966.2839114,5,2014,AltoParana
27,2014-06,338.213,17.89,15.0,1135966.2839114,-,AltoParana,15.0,1135966.2839114,6,2014,AltoParana
28,2014-07,142.45,17.03,7.0,1135966.2839114,-,AltoParana,7.0,1135966.2839114,7,2014,AltoParana
29,2014-08,64.04,19.55,2.0,1135966.2839114,-,AltoParana,2.0,1135966.2839114,8,2014,AltoParana
30,2014-09,319.145,22.24,28.0,1135966.2839114,-,AltoParana,28.0,1135966.2839114,9,2014,AltoParana
31,2014-10,57.221,25.81,351.0,1135966.2839114,-,AltoParana,351.0,1135966.2839114,10,2014,AltoParana
32,2014-11,193.302,24.06,571.0,1135966.2839114,-,AltoParana,571.0,1135966.2839114,11,2014,AltoParana
33,2014-12,165.433,25.18,37.0,1135966.2839114,-,AltoParana,37.0,1135966.2839114,12,2014,AltoParana
34,2015-01,226.447,26.23,11.0,1151284.61713384,-,AltoParana,11.0,1151284.61713384,1,2015,AltoParana
35,2015-02,166.442,25.41,38.0,1151284.61713384,-,AltoParana,38.0,1151284.61713384,2,2015,AltoParana
36,2015-03,123.988,24.58,113.0,1151284.61713384,-,AltoParana,113.0,1151284.61713384,3,2015,AltoParana
37,2015-04,122.686,22.32,104.0,1151284.61713384,-,AltoParana,104.0,1151284.61713384,4,2015,AltoParana
38,2015-05,149.683,19.42,1032.0,1151284.61713384,-,AltoParana,1032.0,1151284.61713384,5,2015,AltoParana
39,2015-06,123.062,18.87,268.0,1151284.61713384,-,AltoParana,268.0,1151284.61713384,6,2015,AltoParana
40,2015-07,398.054,17.13,306.0,1151284.61713384,-,AltoParana,306.0,1151284.61713384,7,2015,AltoParana
41,2015-08,50.361,22.15,19.0,1151284.61713384,-,AltoParana,19.0,1151284.61713384,8,2015,AltoParana
42,2015-09,193.97,22.11,95.0,1151284.61713384,-,AltoParana,95.0,1151284.61713384,9,2015,AltoParana
43,2015-10,156.846,23.88,1037.0,1151284.61713384,-,AltoParana,1037.0,1151284.61713384,10,2015,AltoParana
44,2015-11,361.019,23.78,189.0,1151284.61713384,-,AltoParana,189.0,1151284.61713384,11,2015,AltoParana
45,2015-12,400.029,25.06,63.0,1151284.61713384,-,AltoParana,63.0,1151284.61713384,12,2015,AltoParana
46,2016-01,192.324,26.51,12.0,1166602.95035628,-,AltoParana,12.0,1166602.95035628,1,2016,AltoParana
47,2016-02,249.449,26.08,12.0,1166602.95035628,-,AltoParana,12.0,1166602.95035628,2,2016,AltoParana
48,2016-03,213.662,23.37,8.0,1166602.95035628,-,AltoParana,8.0,1166602.95035628,3,2016,AltoParana
49,2016-04,89.228,24.46,0.0,1166602.95035628,-,AltoParana,0.0,1166602.95035628,4,2016,AltoParana
50,2016-05,219.692,17.16,0.0,1166602.95035628,-,AltoParana,0.0,1166602.95035628,5,2016,AltoParana
51,2016-06,19.141,14.3,0.0,1166602.95035628,-,AltoParana,0.0,1166602.95035628,6,2016,AltoParana
52,2016-07,93.686,16.97,0.0,1166602.95035628,-,AltoParana,0.0,1166602.95035628,7,2016,AltoParana
53,2016-08,196.383,18.59,0.0,1166602.95035628,-,AltoParana,0.0,1166602.95035628,8,2016,AltoParana
54,2016-09,63.8,18.68,0.0,1166602.95035628,-,AltoParana,0.0,1166602.95035628,9,2016,AltoParana
55,2016-10,166.254,22.42,0.0,1166602.95035628,-,AltoParana,0.0,1166602.95035628,10,2016,AltoParana
56,2016-11,87.31,23.6,0.0,1166602.95035628,-,AltoParana,0.0,1166602.95035628,11,2016,AltoParana
57,2016-12,183.94,25.26,0.0,1166602.95035628,-,AltoParana,0.0,1166602.95035628,12,2016,AltoParana
0,2012-03,128.781,24.82,27.0,291539.01058088,-,Amambay,27.0,291539.01058088,3,2012,Amambay
1,2012-04,178.064,23.25,145.0,291539.01058088,-,Amambay,145.0,291539.01058088,4,2012,Amambay
2,2012-05,93.834,20.64,128.0,291539.01058088,-,Amambay,128.0,291539.01058088,5,2012,Amambay
3,2012-06,134.342,19.07,175.0,291539.01058088,-,Amambay,175.0,291539.01058088,6,2012,Amambay
4,2012-07,43.961,18.05,71.0,291539.01058088,-,Amambay,71.0,291539.01058088,7,2012,Amambay
5,2012-08,4.497,22.96,13.0,291539.01058088,-,Amambay,13.0,291539.01058088,8,2012,Amambay
6,2012-09,46.805,24.72,7.0,291539.01058088,-,Amambay,7.0,291539.01058088,9,2012,Amambay
7,2012-10,102.518,26.1,12.0,291539.01058088,-,Amambay,12.0,291539.01058088,10,2012,Amambay
8,2012-11,103.217,26.22,0.0,291539.01058088,-,Amambay,0.0,291539.01058088,11,2012,Amambay
9,2012-12,85.249,27.93,3.0,291539.01058088,-,Amambay,3.0,291539.01058088,12,2012,Amambay
10,2013-01,94.505,27.06,10.0,295533.939408522,-,Amambay,10.0,295533.939408522,1,2013,Amambay
11,2013-02,152.122,26.42,170.0,295533.939408522,-,Amambay,170.0,295533.939408522,2,2013,Amambay
12,2013-03,129.837,25.15,706.0,295533.939408522,-,Amambay,706.0,295533.939408522,3,2013,Amambay
13,2013-04,198.593,22.65,430.0,295533.939408522,-,Amambay,430.0,295533.939408522,4,2013,Amambay
14,2013-05,109.988,21.08,295.0,295533.939408522,-,Amambay,295.0,295533.939408522,5,2013,Amambay
15,2013-06,269.882,19.44,74.0,295533.939408522,-,Amambay,74.0,295533.939408522,6,2013,Amambay
16,2013-07,29.132,18.55,624.0,295533.939408522,-,Amambay,624.0,295533.939408522,7,2013,Amambay
17,2013-08,17.517,18.66,192.0,295533.939408522,-,Amambay,192.0,295533.939408522,8,2013,Amambay
18,2013-09,93.548,22.51,320.0,295533.939408522,-,Amambay,320.0,295533.939408522,9,2013,Amambay
19,2013-10,172.642,23.5,1.0,295533.939408522,-,Amambay,1.0,295533.939408522,10,2013,Amambay
20,2013-11,111.702,25.38,2.0,295533.939408522,-,Amambay,2.0,295533.939408522,11,2013,Amambay
21,2013-12,124.901,26.96,0.0,295533.939408522,-,Amambay,0.0,295533.939408522,12,2013,Amambay
22,2014-01,210.741,26.22,2.0,299619.662073156,-,Amambay,2.0,299619.662073156,1,2014,Amambay
23,2014-02,81.792,26.18,7.0,299619.662073156,-,Amambay,7.0,299619.662073156,2,2014,Amambay
24,2014-03,199.802,24.39,7.0,299619.662073156,-,Amambay,7.0,299619.662073156,3,2014,Amambay
25,2014-04,93.616,23.66,4.0,299619.662073156,-,Amambay,4.0,299619.662073156,4,2014,Amambay
26,2014-05,168.758,19.99,20.0,299619.662073156,-,Amambay,20.0,299619.662073156,5,2014,Amambay
27,2014-06,106.44,19.7,10.0,299619.662073156,-,Amambay,10.0,299619.662073156,6,2014,Amambay
28,2014-07,109.947,19.02,1.0,299619.662073156,-,Amambay,1.0,299619.662073156,7,2014,Amambay
29,2014-08,28.7,22.23,1.0,299619.662073156,-,Amambay,1.0,299619.662073156,8,2014,Amambay
30,2014-09,250.68,24.92,10.0,299619.662073156,-,Amambay,10.0,299619.662073156,9,2014,Amambay
31,2014-10,39.749,27.26,3.0,299619.662073156,-,Amambay,3.0,299619.662073156,10,2014,Amambay
32,2014-11,180.515,24.97,0.0,299619.662073156,-,Amambay,0.0,299619.662073156,11,2014,Amambay
33,2014-12,114.955,25.71,0.0,299619.662073156,-,Amambay,0.0,299619.662073156,12,2014,Amambay
34,2015-01,137.411,27.09,0.0,303659.987819294,-,Amambay,0.0,303659.987819294,1,2015,Amambay
35,2015-02,213.619,25.78,2.0,303659.987819294,-,Amambay,2.0,303659.987819294,2,2015,Amambay
36,2015-03,132.415,24.89,29.0,303659.987819294,-,Amambay,29.0,303659.987819294,3,2015,Amambay
37,2015-04,80.107,23.65,74.0,303659.987819294,-,Amambay,74.0,303659.987819294,4,2015,Amambay
38,2015-05,178.351,20.65,79.0,303659.987819294,-,Amambay,79.0,303659.987819294,5,2015,Amambay
39,2015-06,48.83,20.73,38.0,303659.987819294,-,Amambay,38.0,303659.987819294,6,2015,Amambay
40,2015-07,213.935,19.36,12.0,303659.987819294,-,Amambay,12.0,303659.987819294,7,2015,Amambay
41,2015-08,27.579,24.04,11.0,303659.987819294,-,Amambay,11.0,303659.987819294,8,2015,Amambay
42,2015-09,213.914,24.14,10.0,303659.987819294,-,Amambay,10.0,303659.987819294,9,2015,Amambay
43,2015-10,147.104,25.51,57.0,303659.987819294,-,Amambay,57.0,303659.987819294,10,2015,Amambay
44,2015-11,293.321,25.47,361.0,303659.987819294,-,Amambay,361.0,303659.987819294,11,2015,Amambay
45,2015-12,285.775,26.26,43.0,303659.987819294,-,Amambay,43.0,303659.987819294,12,2015,Amambay
46,2016-01,262.568,26.31,12.0,307700.313565432,-,Amambay,12.0,307700.313565432,1,2016,Amambay
47,2016-02,235.261,26.5,20.0,307700.313565432,-,Amambay,20.0,307700.313565432,2,2016,Amambay
48,2016-03,106.22,24.08,6.0,307700.313565432,-,Amambay,6.0,307700.313565432,3,2016,Amambay
49,2016-04,43.306,25.1,4.0,307700.313565432,-,Amambay,4.0,307700.313565432,4,2016,Amambay
50,2016-05,200.77,18.45,2.0,307700.313565432,-,Amambay,2.0,307700.313565432,5,2016,Amambay
51,2016-06,54.805,16.15,0.0,307700.313565432,-,Amambay,0.0,307700.313565432,6,2016,Amambay
52,2016-07,67.932,19.09,0.0,307700.313565432,-,Amambay,0.0,307700.313565432,7,2016,Amambay
53,2016-08,153.69,20.82,0.0,307700.313565432,-,Amambay,0.0,307700.313565432,8,2016,Amambay
54,2016-09,38.39,20.55,0.0,307700.313565432,-,Amambay,0.0,307700.313565432,9,2016,Amambay
55,2016-10,108.526,24.38,0.0,307700.313565432,-,Amambay,0.0,307700.313565432,10,2016,Amambay
56,2016-11,81.304,25.16,0.0,307700.313565432,-,Amambay,0.0,307700.313565432,11,2016,Amambay
57,2016-12,225.551,25.74,0.0,307700.313565432,-,Amambay,0.0,307700.313565432,12,2016,Amambay
0,2012-03,91.63,25.63,121.0,1478247.72265625,-,Asuncion,121.0,1478247.72265625,3,2012,Asuncion
1,2012-04,238.713,22.36,890.0,1478247.72265625,-,Asuncion,890.0,1478247.72265625,4,2012,Asuncion
2,2012-05,68.804,20.33,1063.0,1478247.72265625,-,Asuncion,1063.0,1478247.72265625,5,2012,Asuncion
3,2012-06,97.623,17.7,1178.0,1478247.72265625,-,Asuncion,1178.0,1478247.72265625,6,2012,Asuncion
4,2012-07,108.691,15.59,1197.0,1478247.72265625,-,Asuncion,1197.0,1478247.72265625,7,2012,Asuncion
5,2012-08,31.51,21.27,188.0,1478247.72265625,-,Asuncion,188.0,1478247.72265625,8,2012,Asuncion
6,2012-09,16.602,23.08,242.0,1478247.72265625,-,Asuncion,242.0,1478247.72265625,9,2012,Asuncion
7,2012-10,198.152,25.42,263.0,1478247.72265625,-,Asuncion,263.0,1478247.72265625,10,2012,Asuncion
8,2012-11,98.79,26.14,0.0,1478247.72265625,-,Asuncion,0.0,1478247.72265625,11,2012,Asuncion
9,2012-12,71.406,29.11,96.0,1478247.72265625,-,Asuncion,96.0,1478247.72265625,12,2012,Asuncion
10,2013-01,66.404,28.16,668.0,1498503.99789663,-,Asuncion,668.0,1498503.99789663,1,2013,Asuncion
11,2013-02,133.029,27.49,1227.0,1498503.99789663,-,Asuncion,1227.0,1498503.99789663,2,2013,Asuncion
12,2013-03,144.225,24.5,4914.0,1498503.99789663,-,Asuncion,4914.0,1498503.99789663,3,2013,Asuncion
13,2013-04,184.106,22.39,5406.0,1498503.99789663,-,Asuncion,5406.0,1498503.99789663,4,2013,Asuncion
14,2013-05,128.971,19.54,5590.0,1498503.99789663,-,Asuncion,5590.0,1498503.99789663,5,2013,Asuncion
15,2013-06,137.772,17.86,6.0,1498503.99789663,-,Asuncion,6.0,1498503.99789663,6,2013,Asuncion
16,2013-07,24.742,17.2,32.0,1498503.99789663,-,Asuncion,32.0,1498503.99789663,7,2013,Asuncion
17,2013-08,73.182,15.93,23.0,1498503.99789663,-,Asuncion,23.0,1498503.99789663,8,2013,Asuncion
18,2013-09,153.7,19.98,3340.0,1498503.99789663,-,Asuncion,3340.0,1498503.99789663,9,2013,Asuncion
19,2013-10,146.68,22.55,14.0,1498503.99789663,-,Asuncion,14.0,1498503.99789663,10,2013,Asuncion
20,2013-11,167.879,25.02,519.0,1498503.99789663,-,Asuncion,519.0,1498503.99789663,11,2013,Asuncion
21,2013-12,61.351,28.27,135.0,1498503.99789663,-,Asuncion,135.0,1498503.99789663,12,2013,Asuncion
22,2014-01,127.931,28.19,30.0,1519220.64302885,-,Asuncion,30.0,1519220.64302885,1,2014,Asuncion
23,2014-02,51.44,28.91,196.0,1519220.64302885,-,Asuncion,196.0,1519220.64302885,2,2014,Asuncion
24,2014-03,161.015,24.71,83.0,1519220.64302885,-,Asuncion,83.0,1519220.64302885,3,2014,Asuncion
25,2014-04,257.498,22.76,0.0,1519220.64302885,-,Asuncion,0.0,1519220.64302885,4,2014,Asuncion
26,2014-05,241.791,19.42,0.0,1519220.64302885,-,Asuncion,0.0,1519220.64302885,5,2014,Asuncion
27,2014-06,305.088,17.81,0.0,1519220.64302885,-,Asuncion,0.0,1519220.64302885,6,2014,Asuncion
28,2014-07,144.549,17.83,0.0,1519220.64302885,-,Asuncion,0.0,1519220.64302885,7,2014,Asuncion
29,2014-08,35.43,20.61,0.0,1519220.64302885,-,Asuncion,0.0,1519220.64302885,8,2014,Asuncion
30,2014-09,217.753,23.55,0.0,1519220.64302885,-,Asuncion,0.0,1519220.64302885,9,2014,Asuncion
31,2014-10,26.936,26.84,0.0,1519220.64302885,-,Asuncion,0.0,1519220.64302885,10,2014,Asuncion
32,2014-11,204.886,24.69,0.0,1519220.64302885,-,Asuncion,0.0,1519220.64302885,11,2014,Asuncion
33,2014-12,125.164,26.73,0.0,1519220.64302885,-,Asuncion,0.0,1519220.64302885,12,2014,Asuncion
34,2015-01,160.53,27.61,21.0,1539707.10321514,-,Asuncion,21.0,1539707.10321514,1,2015,Asuncion
35,2015-02,95.163,27.17,24.0,1539707.10321514,-,Asuncion,24.0,1539707.10321514,2,2015,Asuncion
36,2015-03,79.449,26.47,39.0,1539707.10321514,-,Asuncion,39.0,1539707.10321514,3,2015,Asuncion
37,2015-04,191.127,23.39,220.0,1539707.10321514,-,Asuncion,220.0,1539707.10321514,4,2015,Asuncion
38,2015-05,178.542,20.12,337.0,1539707.10321514,-,Asuncion,337.0,1539707.10321514,5,2015,Asuncion
39,2015-06,103.786,19.61,560.0,1539707.10321514,-,Asuncion,560.0,1539707.10321514,6,2015,Asuncion
40,2015-07,172.762,17.65,443.0,1539707.10321514,-,Asuncion,443.0,1539707.10321514,7,2015,Asuncion
41,2015-08,64.063,22.44,70.0,1539707.10321514,-,Asuncion,70.0,1539707.10321514,8,2015,Asuncion
42,2015-09,44.172,22.38,129.0,1539707.10321514,-,Asuncion,129.0,1539707.10321514,9,2015,Asuncion
43,2015-10,153.657,23.88,38.0,1539707.10321514,-,Asuncion,38.0,1539707.10321514,10,2015,Asuncion
44,2015-11,338.088,24.32,25.0,1539707.10321514,-,Asuncion,25.0,1539707.10321514,11,2015,Asuncion
45,2015-12,420.749,26.23,23.0,1539707.10321514,-,Asuncion,23.0,1539707.10321514,12,2015,Asuncion
46,2016-01,137.319,27.98,73.0,1560193.56340144,-,Asuncion,73.0,1560193.56340144,1,2016,Asuncion
47,2016-02,220.692,28.03,125.0,1560193.56340144,-,Asuncion,125.0,1560193.56340144,2,2016,Asuncion
48,2016-03,193.866,23.89,46.0,1560193.56340144,-,Asuncion,46.0,1560193.56340144,3,2016,Asuncion
49,2016-04,130.177,24.68,95.0,1560193.56340144,-,Asuncion,95.0,1560193.56340144,4,2016,Asuncion
50,2016-05,97.331,17.15,10.0,1560193.56340144,-,Asuncion,10.0,1560193.56340144,5,2016,Asuncion
51,2016-06,22.128,13.84,2.0,1560193.56340144,-,Asuncion,2.0,1560193.56340144,6,2016,Asuncion
52,2016-07,65.453,17.45,3.0,1560193.56340144,-,Asuncion,3.0,1560193.56340144,7,2016,Asuncion
53,2016-08,110.834,19.41,0.0,1560193.56340144,-,Asuncion,0.0,1560193.56340144,8,2016,Asuncion
54,2016-09,35.672,19.27,0.0,1560193.56340144,-,Asuncion,0.0,1560193.56340144,9,2016,Asuncion
55,2016-10,251.087,23.1,0.0,1560193.56340144,-,Asuncion,0.0,1560193.56340144,10,2016,Asuncion
56,2016-11,179.246,23.85,0.0,1560193.56340144,-,Asuncion,0.0,1560193.56340144,11,2016,Asuncion
57,2016-12,134.449,26.34,2.0,1560193.56340144,-,Asuncion,2.0,1560193.56340144,12,2016,Asuncion
0,2012-03,75.713,25.06,3.0,45260.473269312,-,Boqueron,3.0,45260.473269312,3,2012,Boqueron
1,2012-04,194.975,21.54,16.0,45260.473269312,-,Boqueron,16.0,45260.473269312,4,2012,Boqueron
2,2012-05,111.06,19.6,3.0,45260.473269312,-,Boqueron,3.0,45260.473269312,5,2012,Boqueron
3,2012-06,119.47,16.99,9.0,45260.473269312,-,Boqueron,9.0,45260.473269312,6,2012,Boqueron
4,2012-07,99.374,14.79,1.0,45260.473269312,-,Boqueron,1.0,45260.473269312,7,2012,Boqueron
5,2012-08,37.644,20.77,0.0,45260.473269312,-,Boqueron,0.0,45260.473269312,8,2012,Boqueron
6,2012-09,27.364,22.06,1.0,45260.473269312,-,Boqueron,1.0,45260.473269312,9,2012,Boqueron
7,2012-10,193.342,24.49,0.0,45260.473269312,-,Boqueron,0.0,45260.473269312,10,2012,Boqueron
8,2012-11,104.269,25.54,0.0,45260.473269312,-,Boqueron,0.0,45260.473269312,11,2012,Boqueron
9,2012-12,122.363,27.88,0.0,45260.473269312,-,Boqueron,0.0,45260.473269312,12,2012,Boqueron
10,2013-01,78.734,27.08,11.0,45880.6728407382,-,Boqueron,11.0,45880.6728407382,1,2013,Boqueron
11,2013-02,133.527,26.52,7.0,45880.6728407382,-,Boqueron,7.0,45880.6728407382,2,2013,Boqueron
12,2013-03,154.963,23.65,40.0,45880.6728407382,-,Boqueron,40.0,45880.6728407382,3,2013,Boqueron
13,2013-04,184.119,21.75,18.0,45880.6728407382,-,Boqueron,18.0,45880.6728407382,4,2013,Boqueron
14,2013-05,154.44,18.73,13.0,45880.6728407382,-,Boqueron,13.0,45880.6728407382,5,2013,Boqueron
15,2013-06,141.62,17.0,0.0,45880.6728407382,-,Boqueron,0.0,45880.6728407382,6,2013,Boqueron
16,2013-07,44.265,16.42,2.0,45880.6728407382,-,Boqueron,2.0,45880.6728407382,7,2013,Boqueron
17,2013-08,106.618,14.99,0.0,45880.6728407382,-,Boqueron,0.0,45880.6728407382,8,2013,Boqueron
18,2013-09,147.308,19.13,0.0,45880.6728407382,-,Boqueron,0.0,45880.6728407382,9,2013,Boqueron
19,2013-10,171.988,21.83,0.0,45880.6728407382,-,Boqueron,0.0,45880.6728407382,10,2013,Boqueron
20,2013-11,206.386,24.18,0.0,45880.6728407382,-,Boqueron,0.0,45880.6728407382,11,2013,Boqueron
21,2013-12,84.093,27.06,0.0,45880.6728407382,-,Boqueron,0.0,45880.6728407382,12,2013,Boqueron
22,2014-01,101.571,27.82,0.0,46514.9678569696,-,Boqueron,0.0,46514.9678569696,1,2014,Boqueron
23,2014-02,61.244,28.24,0.0,46514.9678569696,-,Boqueron,0.0,46514.9678569696,2,2014,Boqueron
24,2014-03,192.427,24.13,0.0,46514.9678569696,-,Boqueron,0.0,46514.9678569696,3,2014,Boqueron
25,2014-04,289.98,21.85,0.0,46514.9678569696,-,Boqueron,0.0,46514.9678569696,4,2014,Boqueron
26,2014-05,206.762,18.58,0.0,46514.9678569696,-,Boqueron,0.0,46514.9678569696,5,2014,Boqueron
27,2014-06,323.912,16.98,1.0,46514.9678569696,-,Boqueron,1.0,46514.9678569696,6,2014,Boqueron
28,2014-07,121.505,17.12,0.0,46514.9678569696,-,Boqueron,0.0,46514.9678569696,7,2014,Boqueron
29,2014-08,39.519,19.65,0.0,46514.9678569696,-,Boqueron,0.0,46514.9678569696,8,2014,Boqueron
30,2014-09,327.215,22.28,0.0,46514.9678569696,-,Boqueron,0.0,46514.9678569696,9,2014,Boqueron
31,2014-10,40.398,25.94,0.0,46514.9678569696,-,Boqueron,0.0,46514.9678569696,10,2014,Boqueron
32,2014-11,208.377,23.99,0.0,46514.9678569696,-,Boqueron,0.0,46514.9678569696,11,2014,Boqueron
33,2014-12,152.806,26.03,0.0,46514.9678569696,-,Boqueron,0.0,46514.9678569696,12,2014,Boqueron
34,2015-01,216.637,26.71,0.0,47142.2151507985,-,Boqueron,0.0,47142.2151507985,1,2015,Boqueron
35,2015-02,108.268,26.44,0.0,47142.2151507985,-,Boqueron,0.0,47142.2151507985,2,2015,Boqueron
36,2015-03,97.021,25.55,1.0,47142.2151507985,-,Boqueron,1.0,47142.2151507985,3,2015,Boqueron
37,2015-04,133.917,22.45,0.0,47142.2151507985,-,Boqueron,0.0,47142.2151507985,4,2015,Boqueron
38,2015-05,202.576,19.42,9.0,47142.2151507985,-,Boqueron,9.0,47142.2151507985,5,2015,Boqueron
39,2015-06,143.395,18.79,12.0,47142.2151507985,-,Boqueron,12.0,47142.2151507985,6,2015,Boqueron
40,2015-07,153.586,17.04,10.0,47142.2151507985,-,Boqueron,10.0,47142.2151507985,7,2015,Boqueron
41,2015-08,71.892,21.84,2.0,47142.2151507985,-,Boqueron,2.0,47142.2151507985,8,2015,Boqueron
42,2015-09,64.194,21.31,0.0,47142.2151507985,-,Boqueron,0.0,47142.2151507985,9,2015,Boqueron
43,2015-10,159.286,23.06,1.0,47142.2151507985,-,Boqueron,1.0,47142.2151507985,10,2015,Boqueron
44,2015-11,328.18,23.56,0.0,47142.2151507985,-,Boqueron,0.0,47142.2151507985,11,2015,Boqueron
45,2015-12,480.832,25.49,0.0,47142.2151507985,-,Boqueron,0.0,47142.2151507985,12,2015,Boqueron
46,2016-01,146.69,27.43,14.0,47769.4624446273,-,Boqueron,14.0,47769.4624446273,1,2016,Boqueron
47,2016-02,256.555,27.21,33.0,47769.4624446273,-,Boqueron,33.0,47769.4624446273,2,2016,Boqueron
48,2016-03,189.331,23.16,32.0,47769.4624446273,-,Boqueron,32.0,47769.4624446273,3,2016,Boqueron
49,2016-04,142.402,24.04,25.0,47769.4624446273,-,Boqueron,25.0,47769.4624446273,4,2016,Boqueron
50,2016-05,80.697,16.47,42.0,47769.4624446273,-,Boqueron,42.0,47769.4624446273,5,2016,Boqueron
51,2016-06,22.376,13.18,18.0,47769.4624446273,-,Boqueron,18.0,47769.4624446273,6,2016,Boqueron
52,2016-07,85.025,16.59,0.0,47769.4624446273,-,Boqueron,0.0,47769.4624446273,7,2016,Boqueron
53,2016-08,83.749,18.76,0.0,47769.4624446273,-,Boqueron,0.0,47769.4624446273,8,2016,Boqueron
54,2016-09,40.992,18.7,0.0,47769.4624446273,-,Boqueron,0.0,47769.4624446273,9,2016,Boqueron
55,2016-10,207.035,22.41,4.0,47769.4624446273,-,Boqueron,4.0,47769.4624446273,10,2016,Boqueron
56,2016-11,160.358,23.27,0.0,47769.4624446273,-,Boqueron,0.0,47769.4624446273,11,2016,Boqueron
57,2016-12,127.841,26.09,12.0,47769.4624446273,-,Boqueron,12.0,47769.4624446273,12,2016,Boqueron
0,2012-03,90.514,26.22,14.0,361211.018484933,-,Caaguazu,14.0,361211.018484933,3,2012,Caaguazu
1,2012-04,188.776,23.73,43.0,361211.018484933,-,Caaguazu,43.0,361211.018484933,4,2012,Caaguazu
2,2012-05,101.114,21.64,19.0,361211.018484933,-,Caaguazu,19.0,361211.018484933,5,2012,Caaguazu
3,2012-06,43.351,19.22,36.0,361211.018484933,-,Caaguazu,36.0,361211.018484933,6,2012,Caaguazu
4,2012-07,25.345,17.21,3.0,361211.018484933,-,Caaguazu,3.0,361211.018484933,7,2012,Caaguazu
5,2012-08,19.558,22.82,1.0,361211.018484933,-,Caaguazu,1.0,361211.018484933,8,2012,Caaguazu
6,2012-09,33.238,26.04,4.0,361211.018484933,-,Caaguazu,4.0,361211.018484933,9,2012,Caaguazu
7,2012-10,41.109,29.29,1.0,361211.018484933,-,Caaguazu,1.0,361211.018484933,10,2012,Caaguazu
8,2012-11,176.922,26.5,0.0,361211.018484933,-,Caaguazu,0.0,361211.018484933,11,2012,Caaguazu
9,2012-12,62.035,28.99,6.0,361211.018484933,-,Caaguazu,6.0,361211.018484933,12,2012,Caaguazu
10,2013-01,50.678,30.36,29.0,366160.655611478,-,Caaguazu,29.0,366160.655611478,1,2013,Caaguazu
11,2013-02,64.744,29.32,131.0,366160.655611478,-,Caaguazu,131.0,366160.655611478,2,2013,Caaguazu
12,2013-03,39.309,27.2,478.0,366160.655611478,-,Caaguazu,478.0,366160.655611478,3,2013,Caaguazu
13,2013-04,56.195,24.52,336.0,366160.655611478,-,Caaguazu,336.0,366160.655611478,4,2013,Caaguazu
14,2013-05,51.635,22.31,338.0,366160.655611478,-,Caaguazu,338.0,366160.655611478,5,2013,Caaguazu
15,2013-06,99.605,19.67,491.0,366160.655611478,-,Caaguazu,491.0,366160.655611478,6,2013,Caaguazu
16,2013-07,13.75,19.28,576.0,366160.655611478,-,Caaguazu,576.0,366160.655611478,7,2013,Caaguazu
17,2013-08,14.168,19.58,0.0,366160.655611478,-,Caaguazu,0.0,366160.655611478,8,2013,Caaguazu
18,2013-09,37.033,23.37,7.0,366160.655611478,-,Caaguazu,7.0,366160.655611478,9,2013,Caaguazu
19,2013-10,193.889,24.76,1.0,366160.655611478,-,Caaguazu,1.0,366160.655611478,10,2013,Caaguazu
20,2013-11,76.494,26.99,3.0,366160.655611478,-,Caaguazu,3.0,366160.655611478,11,2013,Caaguazu
21,2013-12,98.575,29.59,2.0,366160.655611478,-,Caaguazu,2.0,366160.655611478,12,2013,Caaguazu
22,2014-01,151.352,27.44,0.0,371222.7844909,-,Caaguazu,0.0,371222.7844909,1,2014,Caaguazu
23,2014-02,75.96,28.05,0.0,371222.7844909,-,Caaguazu,0.0,371222.7844909,2,2014,Caaguazu
24,2014-03,153.325,25.04,1.0,371222.7844909,-,Caaguazu,1.0,371222.7844909,3,2014,Caaguazu
25,2014-04,84.78,24.49,0.0,371222.7844909,-,Caaguazu,0.0,371222.7844909,4,2014,Caaguazu
26,2014-05,106.624,21.07,0.0,371222.7844909,-,Caaguazu,0.0,371222.7844909,5,2014,Caaguazu
27,2014-06,83.487,19.15,0.0,371222.7844909,-,Caaguazu,0.0,371222.7844909,6,2014,Caaguazu
28,2014-07,38.355,19.11,0.0,371222.7844909,-,Caaguazu,0.0,371222.7844909,7,2014,Caaguazu
29,2014-08,7.941,23.3,0.0,371222.7844909,-,Caaguazu,0.0,371222.7844909,8,2014,Caaguazu
30,2014-09,21.884,26.89,0.0,371222.7844909,-,Caaguazu,0.0,371222.7844909,9,2014,Caaguazu
31,2014-10,42.571,30.17,0.0,371222.7844909,-,Caaguazu,0.0,371222.7844909,10,2014,Caaguazu
32,2014-11,122.096,27.04,0.0,371222.7844909,-,Caaguazu,0.0,371222.7844909,11,2014,Caaguazu
33,2014-12,71.15,28.24,0.0,371222.7844909,-,Caaguazu,0.0,371222.7844909,12,2014,Caaguazu
34,2015-01,95.235,29.58,33.0,376228.667493883,-,Caaguazu,33.0,376228.667493883,1,2015,Caaguazu
35,2015-02,166.39,28.5,307.0,376228.667493883,-,Caaguazu,307.0,376228.667493883,2,2015,Caaguazu
36,2015-03,91.924,27.17,880.0,376228.667493883,-,Caaguazu,880.0,376228.667493883,3,2015,Caaguazu
37,2015-04,134.676,24.91,1125.0,376228.667493883,-,Caaguazu,1125.0,376228.667493883,4,2015,Caaguazu
38,2015-05,133.348,21.32,454.0,376228.667493883,-,Caaguazu,454.0,376228.667493883,5,2015,Caaguazu
39,2015-06,33.715,21.1,266.0,376228.667493883,-,Caaguazu,266.0,376228.667493883,6,2015,Caaguazu
40,2015-07,43.464,19.24,329.0,376228.667493883,-,Caaguazu,329.0,376228.667493883,7,2015,Caaguazu
41,2015-08,31.416,24.02,542.0,376228.667493883,-,Caaguazu,542.0,376228.667493883,8,2015,Caaguazu
42,2015-09,37.832,25.53,163.0,376228.667493883,-,Caaguazu,163.0,376228.667493883,9,2015,Caaguazu
43,2015-10,101.788,25.87,95.0,376228.667493883,-,Caaguazu,95.0,376228.667493883,10,2015,Caaguazu
44,2015-11,82.002,27.06,724.0,376228.667493883,-,Caaguazu,724.0,376228.667493883,11,2015,Caaguazu
45,2015-12,137.354,28.88,466.0,376228.667493883,-,Caaguazu,466.0,376228.667493883,12,2015,Caaguazu
46,2016-01,132.873,29.95,16.0,381234.550496866,-,Caaguazu,16.0,381234.550496866,1,2016,Caaguazu
47,2016-02,113.922,29.34,20.0,381234.550496866,-,Caaguazu,20.0,381234.550496866,2,2016,Caaguazu
48,2016-03,117.768,25.27,15.0,381234.550496866,-,Caaguazu,15.0,381234.550496866,3,2016,Caaguazu
49,2016-04,55.507,25.68,2.0,381234.550496866,-,Caaguazu,2.0,381234.550496866,4,2016,Caaguazu
50,2016-05,59.771,18.94,1.0,381234.550496866,-,Caaguazu,1.0,381234.550496866,5,2016,Caaguazu
51,2016-06,19.63,16.14,0.0,381234.550496866,-,Caaguazu,0.0,381234.550496866,6,2016,Caaguazu
52,2016-07,15.799,20.04,0.0,381234.550496866,-,Caaguazu,0.0,381234.550496866,7,2016,Caaguazu
53,2016-08,23.654,23.01,0.0,381234.550496866,-,Caaguazu,0.0,381234.550496866,8,2016,Caaguazu
54,2016-09,24.06,23.0,0.0,381234.550496866,-,Caaguazu,0.0,381234.550496866,9,2016,Caaguazu
55,2016-10,62.428,26.57,0.0,381234.550496866,-,Caaguazu,0.0,381234.550496866,10,2016,Caaguazu
56,2016-11,134.281,26.06,0.0,381234.550496866,-,Caaguazu,0.0,381234.550496866,11,2016,Caaguazu
57,2016-12,98.526,28.24,0.0,381234.550496866,-,Caaguazu,0.0,381234.550496866,12,2016,Caaguazu
0,2012-03,73.059,24.8,0.0,185550.768502372,-,Caazapa,0.0,185550.768502372,3,2012,Caazapa
1,2012-04,245.457,21.77,1.0,185550.768502372,-,Caazapa,1.0,185550.768502372,4,2012,Caazapa
2,2012-05,102.0,19.37,0.0,185550.768502372,-,Caazapa,0.0,185550.768502372,5,2012,Caazapa
3,2012-06,148.721,17.42,0.0,185550.768502372,-,Caazapa,0.0,185550.768502372,6,2012,Caazapa
4,2012-07,140.616,16.18,2.0,185550.768502372,-,Caazapa,2.0,185550.768502372,7,2012,Caazapa
5,2012-08,20.663,21.37,1.0,185550.768502372,-,Caazapa,1.0,185550.768502372,8,2012,Caazapa
6,2012-09,33.404,22.63,1.0,185550.768502372,-,Caazapa,1.0,185550.768502372,9,2012,Caazapa
7,2012-10,198.274,24.67,0.0,185550.768502372,-,Caazapa,0.0,185550.768502372,10,2012,Caazapa
8,2012-11,96.829,25.4,0.0,185550.768502372,-,Caazapa,0.0,185550.768502372,11,2012,Caazapa
9,2012-12,131.531,27.59,4.0,185550.768502372,-,Caazapa,4.0,185550.768502372,12,2012,Caazapa
10,2013-01,136.198,26.29,5.0,188093.35144043,-,Caazapa,5.0,188093.35144043,1,2013,Caazapa
11,2013-02,203.481,25.6,8.0,188093.35144043,-,Caazapa,8.0,188093.35144043,2,2013,Caazapa
12,2013-03,174.034,23.71,26.0,188093.35144043,-,Caazapa,26.0,188093.35144043,3,2013,Caazapa
13,2013-04,161.979,21.62,13.0,188093.35144043,-,Caazapa,13.0,188093.35144043,4,2013,Caazapa
14,2013-05,153.984,19.29,12.0,188093.35144043,-,Caazapa,12.0,188093.35144043,5,2013,Caazapa
15,2013-06,189.891,17.57,3.0,188093.35144043,-,Caazapa,3.0,188093.35144043,6,2013,Caazapa
16,2013-07,49.856,16.93,1.0,188093.35144043,-,Caazapa,1.0,188093.35144043,7,2013,Caazapa
17,2013-08,75.111,16.1,1.0,188093.35144043,-,Caazapa,1.0,188093.35144043,8,2013,Caazapa
18,2013-09,158.705,19.94,8.0,188093.35144043,-,Caazapa,8.0,188093.35144043,9,2013,Caazapa
19,2013-10,136.789,22.16,0.0,188093.35144043,-,Caazapa,0.0,188093.35144043,10,2013,Caazapa
20,2013-11,156.723,24.58,0.0,188093.35144043,-,Caazapa,0.0,188093.35144043,11,2013,Caazapa
21,2013-12,103.397,26.67,2.0,188093.35144043,-,Caazapa,2.0,188093.35144043,12,2013,Caazapa
22,2014-01,151.756,26.7,0.0,190693.720354353,-,Caazapa,0.0,190693.720354353,1,2014,Caazapa
23,2014-02,77.493,27.26,0.0,190693.720354353,-,Caazapa,0.0,190693.720354353,2,2014,Caazapa
24,2014-03,225.205,23.85,0.0,190693.720354353,-,Caazapa,0.0,190693.720354353,3,2014,Caazapa
25,2014-04,222.817,22.18,20.0,190693.720354353,-,Caazapa,20.0,190693.720354353,4,2014,Caazapa
26,2014-05,175.061,18.92,0.0,190693.720354353,-,Caazapa,0.0,190693.720354353,5,2014,Caazapa
27,2014-06,329.531,17.96,0.0,190693.720354353,-,Caazapa,0.0,190693.720354353,6,2014,Caazapa
28,2014-07,136.068,17.4,0.0,190693.720354353,-,Caazapa,0.0,190693.720354353,7,2014,Caazapa
29,2014-08,53.707,20.29,0.0,190693.720354353,-,Caazapa,0.0,190693.720354353,8,2014,Caazapa
30,2014-09,330.744,22.83,0.0,190693.720354353,-,Caazapa,0.0,190693.720354353,9,2014,Caazapa
31,2014-10,39.564,26.26,0.0,190693.720354353,-,Caazapa,0.0,190693.720354353,10,2014,Caazapa
32,2014-11,193.948,24.23,0.0,190693.720354353,-,Caazapa,0.0,190693.720354353,11,2014,Caazapa
33,2014-12,158.21,25.47,0.0,190693.720354353,-,Caazapa,0.0,190693.720354353,12,2014,Caazapa
34,2015-01,221.987,26.49,0.0,193265.196280343,-,Caazapa,0.0,193265.196280343,1,2015,Caazapa
35,2015-02,144.369,25.88,0.0,193265.196280343,-,Caazapa,0.0,193265.196280343,2,2015,Caazapa
36,2015-03,107.95,24.88,7.0,193265.196280343,-,Caazapa,7.0,193265.196280343,3,2015,Caazapa
37,2015-04,132.107,22.56,9.0,193265.196280343,-,Caazapa,9.0,193265.196280343,4,2015,Caazapa
38,2015-05,163.419,19.59,4.0,193265.196280343,-,Caazapa,4.0,193265.196280343,5,2015,Caazapa
39,2015-06,113.339,19.26,2.0,193265.196280343,-,Caazapa,2.0,193265.196280343,6,2015,Caazapa
40,2015-07,332.64,17.38,1.0,193265.196280343,-,Caazapa,1.0,193265.196280343,7,2015,Caazapa
41,2015-08,48.42,22.79,2.0,193265.196280343,-,Caazapa,2.0,193265.196280343,8,2015,Caazapa
42,2015-09,129.68,22.6,5.0,193265.196280343,-,Caazapa,5.0,193265.196280343,9,2015,Caazapa
43,2015-10,115.734,24.08,0.0,193265.196280343,-,Caazapa,0.0,193265.196280343,10,2015,Caazapa
44,2015-11,350.939,23.98,1.0,193265.196280343,-,Caazapa,1.0,193265.196280343,11,2015,Caazapa
45,2015-12,389.678,25.41,8.0,193265.196280343,-,Caazapa,8.0,193265.196280343,12,2015,Caazapa
46,2016-01,173.033,26.84,22.0,195836.672206334,-,Caazapa,22.0,195836.672206334,1,2016,Caazapa
47,2016-02,254.522,26.49,17.0,195836.672206334,-,Caazapa,17.0,195836.672206334,2,2016,Caazapa
48,2016-03,242.32,23.38,13.0,195836.672206334,-,Caazapa,13.0,195836.672206334,3,2016,Caazapa
49,2016-04,83.09,24.57,3.0,195836.672206334,-,Caazapa,3.0,195836.672206334,4,2016,Caazapa
50,2016-05,170.085,17.18,3.0,195836.672206334,-,Caazapa,3.0,195836.672206334,5,2016,Caazapa
51,2016-06,11.942,14.36,0.0,195836.672206334,-,Caazapa,0.0,195836.672206334,6,2016,Caazapa
52,2016-07,76.218,17.31,0.0,195836.672206334,-,Caazapa,0.0,195836.672206334,7,2016,Caazapa
53,2016-08,183.277,19.05,0.0,195836.672206334,-,Caazapa,0.0,195836.672206334,8,2016,Caazapa
54,2016-09,56.44,18.86,0.0,195836.672206334,-,Caazapa,0.0,195836.672206334,9,2016,Caazapa
55,2016-10,188.614,22.69,0.0,195836.672206334,-,Caazapa,0.0,195836.672206334,10,2016,Caazapa
56,2016-11,116.887,23.63,0.0,195836.672206334,-,Caazapa,0.0,195836.672206334,11,2016,Caazapa
57,2016-12,158.72,25.51,0.0,195836.672206334,-,Caazapa,0.0,195836.672206334,12,2016,Caazapa
0,2012-03,77.995,24.41,0.0,175844.793579102,-,Canindeyu,0.0,175844.793579102,3,2012,Canindeyu
1,2012-04,197.698,21.02,25.0,175844.793579102,-,Canindeyu,25.0,175844.793579102,4,2012,Canindeyu
2,2012-05,98.829,18.96,1.0,175844.793579102,-,Canindeyu,1.0,175844.793579102,5,2012,Canindeyu
3,2012-06,142.042,16.6,29.0,175844.793579102,-,Canindeyu,29.0,175844.793579102,6,2012,Canindeyu
4,2012-07,114.888,14.93,9.0,175844.793579102,-,Canindeyu,9.0,175844.793579102,7,2012,Canindeyu
5,2012-08,35.323,20.56,0.0,175844.793579102,-,Canindeyu,0.0,175844.793579102,8,2012,Canindeyu
6,2012-09,32.344,21.66,4.0,175844.793579102,-,Canindeyu,4.0,175844.793579102,9,2012,Canindeyu
7,2012-10,246.17,23.75,0.0,175844.793579102,-,Canindeyu,0.0,175844.793579102,10,2012,Canindeyu
8,2012-11,86.728,25.03,0.0,175844.793579102,-,Canindeyu,0.0,175844.793579102,11,2012,Canindeyu
9,2012-12,155.513,26.98,0.0,175844.793579102,-,Canindeyu,0.0,175844.793579102,12,2012,Canindeyu
10,2013-01,94.479,26.11,3.0,178254.376549354,-,Canindeyu,3.0,178254.376549354,1,2013,Canindeyu
11,2013-02,159.06,25.42,50.0,178254.376549354,-,Canindeyu,50.0,178254.376549354,2,2013,Canindeyu
12,2013-03,224.868,23.0,55.0,178254.376549354,-,Canindeyu,55.0,178254.376549354,3,2013,Canindeyu
13,2013-04,197.716,21.12,280.0,178254.376549354,-,Canindeyu,280.0,178254.376549354,4,2013,Canindeyu
14,2013-05,162.183,18.39,203.0,178254.376549354,-,Canindeyu,203.0,178254.376549354,5,2013,Canindeyu
15,2013-06,183.347,16.68,159.0,178254.376549354,-,Canindeyu,159.0,178254.376549354,6,2013,Canindeyu
16,2013-07,41.304,16.05,37.0,178254.376549354,-,Canindeyu,37.0,178254.376549354,7,2013,Canindeyu
17,2013-08,135.494,14.78,1.0,178254.376549354,-,Canindeyu,1.0,178254.376549354,8,2013,Canindeyu
18,2013-09,192.472,18.89,0.0,178254.376549354,-,Canindeyu,0.0,178254.376549354,9,2013,Canindeyu
19,2013-10,206.993,21.39,1.0,178254.376549354,-,Canindeyu,1.0,178254.376549354,10,2013,Canindeyu
20,2013-11,172.486,23.9,0.0,178254.376549354,-,Canindeyu,0.0,178254.376549354,11,2013,Canindeyu
21,2013-12,113.089,26.17,0.0,178254.376549354,-,Canindeyu,0.0,178254.376549354,12,2013,Canindeyu
22,2014-01,145.362,26.71,0.0,180718.72276893,-,Canindeyu,0.0,180718.72276893,1,2014,Canindeyu
23,2014-02,77.538,27.15,3.0,180718.72276893,-,Canindeyu,3.0,180718.72276893,2,2014,Canindeyu
24,2014-03,219.671,23.38,3.0,180718.72276893,-,Canindeyu,3.0,180718.72276893,3,2014,Canindeyu
25,2014-04,274.414,21.39,3.0,180718.72276893,-,Canindeyu,3.0,180718.72276893,4,2014,Canindeyu
26,2014-05,223.98,18.16,0.0,180718.72276893,-,Canindeyu,0.0,180718.72276893,5,2014,Canindeyu
27,2014-06,384.259,16.9,0.0,180718.72276893,-,Canindeyu,0.0,180718.72276893,6,2014,Canindeyu
28,2014-07,115.002,16.68,0.0,180718.72276893,-,Canindeyu,0.0,180718.72276893,7,2014,Canindeyu
29,2014-08,45.739,19.27,0.0,180718.72276893,-,Canindeyu,0.0,180718.72276893,8,2014,Canindeyu
30,2014-09,396.063,21.8,0.0,180718.72276893,-,Canindeyu,0.0,180718.72276893,9,2014,Canindeyu
31,2014-10,50.324,25.67,0.0,180718.72276893,-,Canindeyu,0.0,180718.72276893,10,2014,Canindeyu
32,2014-11,218.86,23.68,0.0,180718.72276893,-,Canindeyu,0.0,180718.72276893,11,2014,Canindeyu
33,2014-12,235.971,25.19,1.0,180718.72276893,-,Canindeyu,1.0,180718.72276893,12,2014,Canindeyu
34,2015-01,245.164,26.11,3.0,183155.687363845,-,Canindeyu,3.0,183155.687363845,1,2015,Canindeyu
35,2015-02,144.115,25.63,55.0,183155.687363845,-,Canindeyu,55.0,183155.687363845,2,2015,Canindeyu
36,2015-03,128.836,24.59,48.0,183155.687363845,-,Canindeyu,48.0,183155.687363845,3,2015,Canindeyu
37,2015-04,110.369,21.84,269.0,183155.687363845,-,Canindeyu,269.0,183155.687363845,4,2015,Canindeyu
38,2015-05,231.782,19.01,587.0,183155.687363845,-,Canindeyu,587.0,183155.687363845,5,2015,Canindeyu
39,2015-06,157.173,18.42,19.0,183155.687363845,-,Canindeyu,19.0,183155.687363845,6,2015,Canindeyu
40,2015-07,190.363,16.73,98.0,183155.687363845,-,Canindeyu,98.0,183155.687363845,7,2015,Canindeyu
41,2015-08,62.689,21.84,1067.0,183155.687363845,-,Canindeyu,1067.0,183155.687363845,8,2015,Canindeyu
42,2015-09,106.827,21.22,52.0,183155.687363845,-,Canindeyu,52.0,183155.687363845,9,2015,Canindeyu
43,2015-10,161.522,23.04,1.0,183155.687363845,-,Canindeyu,1.0,183155.687363845,10,2015,Canindeyu
44,2015-11,342.359,23.28,3.0,183155.687363845,-,Canindeyu,3.0,183155.687363845,11,2015,Canindeyu
45,2015-12,449.98,24.95,8.0,183155.687363845,-,Canindeyu,8.0,183155.687363845,12,2015,Canindeyu
46,2016-01,160.336,26.87,7.0,185592.651958759,-,Canindeyu,7.0,185592.651958759,1,2016,Canindeyu
47,2016-02,243.771,26.43,13.0,185592.651958759,-,Canindeyu,13.0,185592.651958759,2,2016,Canindeyu
48,2016-03,209.91,22.8,1.0,185592.651958759,-,Canindeyu,1.0,185592.651958759,3,2016,Canindeyu
49,2016-04,141.281,23.78,1.0,185592.651958759,-,Canindeyu,1.0,185592.651958759,4,2016,Canindeyu
50,2016-05,118.238,16.39,0.0,185592.651958759,-,Canindeyu,0.0,185592.651958759,5,2016,Canindeyu
51,2016-06,9.332,13.17,0.0,185592.651958759,-,Canindeyu,0.0,185592.651958759,6,2016,Canindeyu
52,2016-07,106.251,16.3,0.0,185592.651958759,-,Canindeyu,0.0,185592.651958759,7,2016,Canindeyu
53,2016-08,115.292,18.17,0.0,185592.651958759,-,Canindeyu,0.0,185592.651958759,8,2016,Canindeyu
54,2016-09,54.725,18.07,1.0,185592.651958759,-,Canindeyu,1.0,185592.651958759,9,2016,Canindeyu
55,2016-10,203.791,21.91,0.0,185592.651958759,-,Canindeyu,0.0,185592.651958759,10,2016,Canindeyu
56,2016-11,155.324,22.97,0.0,185592.651958759,-,Canindeyu,0.0,185592.651958759,11,2016,Canindeyu
57,2016-12,139.797,25.53,0.0,185592.651958759,-,Canindeyu,0.0,185592.651958759,12,2016,Canindeyu
0,2012-03,77.394,24.55,113.0,238379.576594761,-,Concepcion,113.0,238379.576594761,3,2012,Concepcion
1,2012-04,251.401,22.27,420.0,238379.576594761,-,Concepcion,420.0,238379.576594761,4,2012,Concepcion
2,2012-05,118.515,19.58,227.0,238379.576594761,-,Concepcion,227.0,238379.576594761,5,2012,Concepcion
3,2012-06,161.486,18.06,144.0,238379.576594761,-,Concepcion,144.0,238379.576594761,6,2012,Concepcion
4,2012-07,85.285,17.19,135.0,238379.576594761,-,Concepcion,135.0,238379.576594761,7,2012,Concepcion
5,2012-08,9.072,21.89,9.0,238379.576594761,-,Concepcion,9.0,238379.576594761,8,2012,Concepcion
6,2012-09,37.488,23.32,25.0,238379.576594761,-,Concepcion,25.0,238379.576594761,9,2012,Concepcion
7,2012-10,126.963,25.09,10.0,238379.576594761,-,Concepcion,10.0,238379.576594761,10,2012,Concepcion
8,2012-11,92.396,25.59,0.0,238379.576594761,-,Concepcion,0.0,238379.576594761,11,2012,Concepcion
9,2012-12,106.355,27.77,0.0,238379.576594761,-,Concepcion,0.0,238379.576594761,12,2012,Concepcion
10,2013-01,112.642,26.24,56.0,241646.067211445,-,Concepcion,56.0,241646.067211445,1,2013,Concepcion
11,2013-02,222.519,25.59,155.0,241646.067211445,-,Concepcion,155.0,241646.067211445,2,2013,Concepcion
12,2013-03,159.346,24.08,305.0,241646.067211445,-,Concepcion,305.0,241646.067211445,3,2013,Concepcion
13,2013-04,166.754,21.89,178.0,241646.067211445,-,Concepcion,178.0,241646.067211445,4,2013,Concepcion
14,2013-05,153.212,19.87,248.0,241646.067211445,-,Concepcion,248.0,241646.067211445,5,2013,Concepcion
15,2013-06,326.675,18.27,89.0,241646.067211445,-,Concepcion,89.0,241646.067211445,6,2013,Concepcion
16,2013-07,54.673,17.42,27.0,241646.067211445,-,Concepcion,27.0,241646.067211445,7,2013,Concepcion
17,2013-08,42.273,17.38,0.0,241646.067211445,-,Concepcion,0.0,241646.067211445,8,2013,Concepcion
18,2013-09,140.795,21.11,1.0,241646.067211445,-,Concepcion,1.0,241646.067211445,9,2013,Concepcion
19,2013-10,119.608,22.7,0.0,241646.067211445,-,Concepcion,0.0,241646.067211445,10,2013,Concepcion
20,2013-11,122.801,24.86,0.0,241646.067211445,-,Concepcion,0.0,241646.067211445,11,2013,Concepcion
21,2013-12,100.44,26.79,2.0,241646.067211445,-,Concepcion,2.0,241646.067211445,12,2013,Concepcion
22,2014-01,204.97,26.37,0.0,244986.796251234,-,Concepcion,0.0,244986.796251234,1,2014,Concepcion
23,2014-02,69.582,26.8,0.0,244986.796251234,-,Concepcion,0.0,244986.796251234,2,2014,Concepcion
24,2014-03,247.815,23.99,0.0,244986.796251234,-,Concepcion,0.0,244986.796251234,3,2014,Concepcion
25,2014-04,137.743,22.73,1.0,244986.796251234,-,Concepcion,1.0,244986.796251234,4,2014,Concepcion
26,2014-05,171.602,19.31,0.0,244986.796251234,-,Concepcion,0.0,244986.796251234,5,2014,Concepcion
27,2014-06,184.411,18.74,0.0,244986.796251234,-,Concepcion,0.0,244986.796251234,6,2014,Concepcion
28,2014-07,142.549,17.76,0.0,244986.796251234,-,Concepcion,0.0,244986.796251234,7,2014,Concepcion
29,2014-08,49.128,20.68,0.0,244986.796251234,-,Concepcion,0.0,244986.796251234,8,2014,Concepcion
30,2014-09,265.9,23.43,0.0,244986.796251234,-,Concepcion,0.0,244986.796251234,9,2014,Concepcion
31,2014-10,39.976,26.21,0.0,244986.796251234,-,Concepcion,0.0,244986.796251234,10,2014,Concepcion
32,2014-11,172.363,24.38,0.0,244986.796251234,-,Concepcion,0.0,244986.796251234,11,2014,Concepcion
33,2014-12,147.033,25.5,0.0,244986.796251234,-,Concepcion,0.0,244986.796251234,12,2014,Concepcion
34,2015-01,161.585,26.75,0.0,248290.406079471,-,Concepcion,0.0,248290.406079471,1,2015,Concepcion
35,2015-02,189.086,25.51,2.0,248290.406079471,-,Concepcion,2.0,248290.406079471,2,2015,Concepcion
36,2015-03,117.289,24.67,1.0,248290.406079471,-,Concepcion,1.0,248290.406079471,3,2015,Concepcion
37,2015-04,101.736,22.81,2.0,248290.406079471,-,Concepcion,2.0,248290.406079471,4,2015,Concepcion
38,2015-05,148.939,19.86,9.0,248290.406079471,-,Concepcion,9.0,248290.406079471,5,2015,Concepcion
39,2015-06,79.56,19.6,1.0,248290.406079471,-,Concepcion,1.0,248290.406079471,6,2015,Concepcion
40,2015-07,365.826,18.03,0.0,248290.406079471,-,Concepcion,0.0,248290.406079471,7,2015,Concepcion
41,2015-08,25.801,23.0,6.0,248290.406079471,-,Concepcion,6.0,248290.406079471,8,2015,Concepcion
42,2015-09,191.901,23.32,7.0,248290.406079471,-,Concepcion,7.0,248290.406079471,9,2015,Concepcion
43,2015-10,130.917,24.69,1.0,248290.406079471,-,Concepcion,1.0,248290.406079471,10,2015,Concepcion
44,2015-11,369.017,24.51,21.0,248290.406079471,-,Concepcion,21.0,248290.406079471,11,2015,Concepcion
45,2015-12,336.786,25.56,18.0,248290.406079471,-,Concepcion,18.0,248290.406079471,12,2015,Concepcion
46,2016-01,204.812,26.4,7.0,251594.015907707,-,Concepcion,7.0,251594.015907707,1,2016,Concepcion
47,2016-02,275.846,26.27,2.0,251594.015907707,-,Concepcion,2.0,251594.015907707,2,2016,Concepcion
48,2016-03,174.791,23.73,1.0,251594.015907707,-,Concepcion,1.0,251594.015907707,3,2016,Concepcion
49,2016-04,33.285,25.1,1.0,251594.015907707,-,Concepcion,1.0,251594.015907707,4,2016,Concepcion
50,2016-05,254.22,17.76,0.0,251594.015907707,-,Concepcion,0.0,251594.015907707,5,2016,Concepcion
51,2016-06,37.814,15.04,0.0,251594.015907707,-,Concepcion,0.0,251594.015907707,6,2016,Concepcion
52,2016-07,116.632,17.76,0.0,251594.015907707,-,Concepcion,0.0,251594.015907707,7,2016,Concepcion
53,2016-08,212.839,19.31,0.0,251594.015907707,-,Concepcion,0.0,251594.015907707,8,2016,Concepcion
54,2016-09,59.221,19.39,0.0,251594.015907707,-,Concepcion,0.0,251594.015907707,9,2016,Concepcion
55,2016-10,126.52,23.18,0.0,251594.015907707,-,Concepcion,0.0,251594.015907707,10,2016,Concepcion
56,2016-11,80.445,24.31,0.0,251594.015907707,-,Concepcion,0.0,251594.015907707,11,2016,Concepcion
57,2016-12,257.141,25.33,0.0,251594.015907707,-,Concepcion,0.0,251594.015907707,12,2016,Concepcion
0,2012-03,86.082,25.4,45.0,1206438.81591797,-,Cordillera,45.0,1206438.81591797,3,2012,Cordillera
1,2012-04,243.031,22.29,72.0,1206438.81591797,-,Cordillera,72.0,1206438.81591797,4,2012,Cordillera
2,2012-05,81.703,20.12,122.0,1206438.81591797,-,Cordillera,122.0,1206438.81591797,5,2012,Cordillera
3,2012-06,124.338,17.73,42.0,1206438.81591797,-,Cordillera,42.0,1206438.81591797,6,2012,Cordillera
4,2012-07,134.884,15.91,1.0,1206438.81591797,-,Cordillera,1.0,1206438.81591797,7,2012,Cordillera
5,2012-08,21.791,21.67,3.0,1206438.81591797,-,Cordillera,3.0,1206438.81591797,8,2012,Cordillera
6,2012-09,36.292,22.96,7.0,1206438.81591797,-,Cordillera,7.0,1206438.81591797,9,2012,Cordillera
7,2012-10,225.315,25.22,6.0,1206438.81591797,-,Cordillera,6.0,1206438.81591797,10,2012,Cordillera
8,2012-11,96.507,25.93,0.0,1206438.81591797,-,Cordillera,0.0,1206438.81591797,11,2012,Cordillera
9,2012-12,78.712,28.79,2.0,1206438.81591797,-,Cordillera,2.0,1206438.81591797,12,2012,Cordillera
10,2013-01,109.812,27.39,33.0,1222970.52189754,-,Cordillera,33.0,1222970.52189754,1,2013,Cordillera
11,2013-02,171.699,26.97,219.0,1222970.52189754,-,Cordillera,219.0,1222970.52189754,2,2013,Cordillera
12,2013-03,162.627,24.31,294.0,1222970.52189754,-,Cordillera,294.0,1222970.52189754,3,2013,Cordillera
13,2013-04,200.224,22.17,190.0,1222970.52189754,-,Cordillera,190.0,1222970.52189754,4,2013,Cordillera
14,2013-05,134.363,19.59,59.0,1222970.52189754,-,Cordillera,59.0,1222970.52189754,5,2013,Cordillera
15,2013-06,136.889,17.92,17.0,1222970.52189754,-,Cordillera,17.0,1222970.52189754,6,2013,Cordillera
16,2013-07,37.254,17.19,116.0,1222970.52189754,-,Cordillera,116.0,1222970.52189754,7,2013,Cordillera
17,2013-08,93.872,15.92,3.0,1222970.52189754,-,Cordillera,3.0,1222970.52189754,8,2013,Cordillera
18,2013-09,152.834,20.15,44.0,1222970.52189754,-,Cordillera,44.0,1222970.52189754,9,2013,Cordillera
19,2013-10,152.351,22.49,1.0,1222970.52189754,-,Cordillera,1.0,1222970.52189754,10,2013,Cordillera
20,2013-11,153.385,25.05,0.0,1222970.52189754,-,Cordillera,0.0,1222970.52189754,11,2013,Cordillera
21,2013-12,99.619,27.69,0.0,1222970.52189754,-,Cordillera,0.0,1222970.52189754,12,2013,Cordillera
22,2014-01,143.875,27.75,0.0,1239877.94846755,-,Cordillera,0.0,1239877.94846755,1,2014,Cordillera
23,2014-02,59.064,28.5,0.0,1239877.94846755,-,Cordillera,0.0,1239877.94846755,2,2014,Cordillera
24,2014-03,192.188,24.57,1.0,1239877.94846755,-,Cordillera,1.0,1239877.94846755,3,2014,Cordillera
25,2014-04,251.435,22.68,0.0,1239877.94846755,-,Cordillera,0.0,1239877.94846755,4,2014,Cordillera
26,2014-05,226.655,19.34,0.0,1239877.94846755,-,Cordillera,0.0,1239877.94846755,5,2014,Cordillera
27,2014-06,301.252,18.0,0.0,1239877.94846755,-,Cordillera,0.0,1239877.94846755,6,2014,Cordillera
28,2014-07,111.857,17.85,0.0,1239877.94846755,-,Cordillera,0.0,1239877.94846755,7,2014,Cordillera
29,2014-08,34.89,20.69,0.0,1239877.94846755,-,Cordillera,0.0,1239877.94846755,8,2014,Cordillera
30,2014-09,292.703,23.52,0.0,1239877.94846755,-,Cordillera,0.0,1239877.94846755,9,2014,Cordillera
31,2014-10,36.131,26.72,0.0,1239877.94846755,-,Cordillera,0.0,1239877.94846755,10,2014,Cordillera
32,2014-11,180.595,24.68,0.0,1239877.94846755,-,Cordillera,0.0,1239877.94846755,11,2014,Cordillera
33,2014-12,132.592,26.44,0.0,1239877.94846755,-,Cordillera,0.0,1239877.94846755,12,2014,Cordillera
34,2015-01,190.043,27.39,0.0,1256597.51474234,-,Cordillera,0.0,1256597.51474234,1,2015,Cordillera
35,2015-02,101.285,27.04,0.0,1256597.51474234,-,Cordillera,0.0,1256597.51474234,2,2015,Cordillera
36,2015-03,88.887,26.24,3.0,1256597.51474234,-,Cordillera,3.0,1256597.51474234,3,2015,Cordillera
37,2015-04,151.247,23.29,0.0,1256597.51474234,-,Cordillera,0.0,1256597.51474234,4,2015,Cordillera
38,2015-05,175.118,20.13,14.0,1256597.51474234,-,Cordillera,14.0,1256597.51474234,5,2015,Cordillera
39,2015-06,116.399,19.68,0.0,1256597.51474234,-,Cordillera,0.0,1256597.51474234,6,2015,Cordillera
40,2015-07,247.218,17.77,12.0,1256597.51474234,-,Cordillera,12.0,1256597.51474234,7,2015,Cordillera
41,2015-08,63.425,22.81,19.0,1256597.51474234,-,Cordillera,19.0,1256597.51474234,8,2015,Cordillera
42,2015-09,71.223,22.57,0.0,1256597.51474234,-,Cordillera,0.0,1256597.51474234,9,2015,Cordillera
43,2015-10,132.235,24.16,0.0,1256597.51474234,-,Cordillera,0.0,1256597.51474234,10,2015,Cordillera
44,2015-11,319.815,24.39,0.0,1256597.51474234,-,Cordillera,0.0,1256597.51474234,11,2015,Cordillera
45,2015-12,394.686,26.11,2.0,1256597.51474234,-,Cordillera,2.0,1256597.51474234,12,2015,Cordillera
46,2016-01,152.708,27.6,3.0,1273317.08101713,-,Cordillera,3.0,1273317.08101713,1,2016,Cordillera
47,2016-02,196.452,27.55,14.0,1273317.08101713,-,Cordillera,14.0,1273317.08101713,2,2016,Cordillera
48,2016-03,233.57,23.76,6.0,1273317.08101713,-,Cordillera,6.0,1273317.08101713,3,2016,Cordillera
49,2016-04,99.948,24.71,19.0,1273317.08101713,-,Cordillera,19.0,1273317.08101713,4,2016,Cordillera
50,2016-05,125.56,17.28,1.0,1273317.08101713,-,Cordillera,1.0,1273317.08101713,5,2016,Cordillera
51,2016-06,7.085,14.13,0.0,1273317.08101713,-,Cordillera,0.0,1273317.08101713,6,2016,Cordillera
52,2016-07,87.321,17.57,0.0,1273317.08101713,-,Cordillera,0.0,1273317.08101713,7,2016,Cordillera
53,2016-08,154.961,19.31,0.0,1273317.08101713,-,Cordillera,0.0,1273317.08101713,8,2016,Cordillera
54,2016-09,49.434,18.94,0.0,1273317.08101713,-,Cordillera,0.0,1273317.08101713,9,2016,Cordillera
55,2016-10,235.963,23.08,0.0,1273317.08101713,-,Cordillera,0.0,1273317.08101713,10,2016,Cordillera
56,2016-11,159.791,23.82,0.0,1273317.08101713,-,Cordillera,0.0,1273317.08101713,11,2016,Cordillera
57,2016-12,124.258,26.22,0.0,1273317.08101713,-,Cordillera,0.0,1273317.08101713,12,2016,Cordillera
0,2012-03,137.456,25.92,4.0,160305.825613839,-,Guaira,4.0,160305.825613839,3,2012,Guaira
1,2012-04,224.609,23.98,22.0,160305.825613839,-,Guaira,22.0,160305.825613839,4,2012,Guaira
2,2012-05,104.524,21.69,8.0,160305.825613839,-,Guaira,8.0,160305.825613839,5,2012,Guaira
3,2012-06,125.968,19.61,8.0,160305.825613839,-,Guaira,8.0,160305.825613839,6,2012,Guaira
4,2012-07,64.922,18.2,4.0,160305.825613839,-,Guaira,4.0,160305.825613839,7,2012,Guaira
5,2012-08,5.516,23.66,1.0,160305.825613839,-,Guaira,1.0,160305.825613839,8,2012,Guaira
6,2012-09,42.396,25.67,3.0,160305.825613839,-,Guaira,3.0,160305.825613839,9,2012,Guaira
7,2012-10,128.025,27.18,0.0,160305.825613839,-,Guaira,0.0,160305.825613839,10,2012,Guaira
8,2012-11,96.545,27.29,0.0,160305.825613839,-,Guaira,0.0,160305.825613839,11,2012,Guaira
9,2012-12,53.597,29.66,0.0,160305.825613839,-,Guaira,0.0,160305.825613839,12,2012,Guaira
10,2013-01,71.105,29.19,46.0,162502.479717548,-,Guaira,46.0,162502.479717548,1,2013,Guaira
11,2013-02,112.335,28.56,97.0,162502.479717548,-,Guaira,97.0,162502.479717548,2,2013,Guaira
12,2013-03,69.092,27.0,211.0,162502.479717548,-,Guaira,211.0,162502.479717548,3,2013,Guaira
13,2013-04,216.028,23.8,267.0,162502.479717548,-,Guaira,267.0,162502.479717548,4,2013,Guaira
14,2013-05,114.734,21.85,214.0,162502.479717548,-,Guaira,214.0,162502.479717548,5,2013,Guaira
15,2013-06,222.594,20.01,8.0,162502.479717548,-,Guaira,8.0,162502.479717548,6,2013,Guaira
16,2013-07,20.587,19.25,27.0,162502.479717548,-,Guaira,27.0,162502.479717548,7,2013,Guaira
17,2013-08,29.417,18.94,0.0,162502.479717548,-,Guaira,0.0,162502.479717548,8,2013,Guaira
18,2013-09,82.73,23.12,4.0,162502.479717548,-,Guaira,4.0,162502.479717548,9,2013,Guaira
19,2013-10,222.487,24.25,0.0,162502.479717548,-,Guaira,0.0,162502.479717548,10,2013,Guaira
20,2013-11,124.33,26.25,0.0,162502.479717548,-,Guaira,0.0,162502.479717548,11,2013,Guaira
21,2013-12,124.607,28.29,0.0,162502.479717548,-,Guaira,0.0,162502.479717548,12,2013,Guaira
22,2014-01,240.088,27.3,0.0,164749.057778159,-,Guaira,0.0,164749.057778159,1,2014,Guaira
23,2014-02,57.505,27.6,0.0,164749.057778159,-,Guaira,0.0,164749.057778159,2,2014,Guaira
24,2014-03,246.692,25.34,3.0,164749.057778159,-,Guaira,3.0,164749.057778159,3,2014,Guaira
25,2014-04,107.82,24.69,13.0,164749.057778159,-,Guaira,13.0,164749.057778159,4,2014,Guaira
26,2014-05,192.188,20.78,67.0,164749.057778159,-,Guaira,67.0,164749.057778159,5,2014,Guaira
27,2014-06,126.385,20.2,24.0,164749.057778159,-,Guaira,24.0,164749.057778159,6,2014,Guaira
28,2014-07,115.226,19.76,3.0,164749.057778159,-,Guaira,3.0,164749.057778159,7,2014,Guaira
29,2014-08,22.415,23.03,0.0,164749.057778159,-,Guaira,0.0,164749.057778159,8,2014,Guaira
30,2014-09,197.885,25.97,0.0,164749.057778159,-,Guaira,0.0,164749.057778159,9,2014,Guaira
31,2014-10,30.225,28.68,0.0,164749.057778159,-,Guaira,0.0,164749.057778159,10,2014,Guaira
32,2014-11,172.548,26.05,0.0,164749.057778159,-,Guaira,0.0,164749.057778159,11,2014,Guaira
33,2014-12,124.466,26.99,0.0,164749.057778159,-,Guaira,0.0,164749.057778159,12,2014,Guaira
34,2015-01,129.043,28.72,0.0,166970.673860319,-,Guaira,0.0,166970.673860319,1,2015,Guaira
35,2015-02,214.111,27.21,3.0,166970.673860319,-,Guaira,3.0,166970.673860319,2,2015,Guaira
36,2015-03,104.691,26.18,2.0,166970.673860319,-,Guaira,2.0,166970.673860319,3,2015,Guaira
37,2015-04,90.914,24.79,25.0,166970.673860319,-,Guaira,25.0,166970.673860319,4,2015,Guaira
38,2015-05,196.202,21.58,0.0,166970.673860319,-,Guaira,0.0,166970.673860319,5,2015,Guaira
39,2015-06,52.163,21.7,12.0,166970.673860319,-,Guaira,12.0,166970.673860319,6,2015,Guaira
40,2015-07,285.99,19.77,0.0,166970.673860319,-,Guaira,0.0,166970.673860319,7,2015,Guaira
41,2015-08,35.238,24.86,133.0,166970.673860319,-,Guaira,133.0,166970.673860319,8,2015,Guaira
42,2015-09,197.056,24.67,15.0,166970.673860319,-,Guaira,15.0,166970.673860319,9,2015,Guaira
43,2015-10,125.471,26.01,2.0,166970.673860319,-,Guaira,2.0,166970.673860319,10,2015,Guaira
44,2015-11,290.819,26.25,4.0,166970.673860319,-,Guaira,4.0,166970.673860319,11,2015,Guaira
45,2015-12,319.806,27.44,0.0,166970.673860319,-,Guaira,0.0,166970.673860319,12,2015,Guaira
46,2016-01,251.247,27.77,6.0,169192.289942479,-,Guaira,6.0,169192.289942479,1,2016,Guaira
47,2016-02,188.52,27.9,4.0,169192.289942479,-,Guaira,4.0,169192.289942479,2,2016,Guaira
48,2016-03,115.98,24.92,10.0,169192.289942479,-,Guaira,10.0,169192.289942479,3,2016,Guaira
49,2016-04,58.776,25.86,0.0,169192.289942479,-,Guaira,0.0,169192.289942479,4,2016,Guaira
50,2016-05,199.053,18.88,0.0,169192.289942479,-,Guaira,0.0,169192.289942479,5,2016,Guaira
51,2016-06,38.062,16.23,0.0,169192.289942479,-,Guaira,0.0,169192.289942479,6,2016,Guaira
52,2016-07,46.613,19.7,0.0,169192.289942479,-,Guaira,0.0,169192.289942479,7,2016,Guaira
53,2016-08,136.591,21.54,0.0,169192.289942479,-,Guaira,0.0,169192.289942479,8,2016,Guaira
54,2016-09,42.962,21.11,0.0,169192.289942479,-,Guaira,0.0,169192.289942479,9,2016,Guaira
55,2016-10,121.548,25.24,0.0,169192.289942479,-,Guaira,0.0,169192.289942479,10,2016,Guaira
56,2016-11,104.826,25.91,0.0,169192.289942479,-,Guaira,0.0,169192.289942479,11,2016,Guaira
57,2016-12,198.642,27.01,0.0,169192.289942479,-,Guaira,0.0,169192.289942479,12,2016,Guaira
0,2012-03,78.447,24.45,8.0,962239.037998745,-,Itapua,8.0,962239.037998745,3,2012,Itapua
1,2012-04,222.092,21.24,17.0,962239.037998745,-,Itapua,17.0,962239.037998745,4,2012,Itapua
2,2012-05,117.511,19.08,7.0,962239.037998745,-,Itapua,7.0,962239.037998745,5,2012,Itapua
3,2012-06,133.343,16.86,5.0,962239.037998745,-,Itapua,5.0,962239.037998745,6,2012,Itapua
4,2012-07,125.762,15.14,1.0,962239.037998745,-,Itapua,1.0,962239.037998745,7,2012,Itapua
5,2012-08,26.155,20.84,0.0,962239.037998745,-,Itapua,0.0,962239.037998745,8,2012,Itapua
6,2012-09,34.523,21.85,1.0,962239.037998745,-,Itapua,1.0,962239.037998745,9,2012,Itapua
7,2012-10,230.717,24.13,8.0,962239.037998745,-,Itapua,8.0,962239.037998745,10,2012,Itapua
8,2012-11,79.306,25.19,0.0,962239.037998745,-,Itapua,0.0,962239.037998745,11,2012,Itapua
9,2012-12,137.562,27.4,1.0,962239.037998745,-,Itapua,1.0,962239.037998745,12,2012,Itapua
10,2013-01,92.433,26.28,49.0,975424.499746469,-,Itapua,49.0,975424.499746469,1,2013,Itapua
11,2013-02,170.414,25.62,36.0,975424.499746469,-,Itapua,36.0,975424.499746469,2,2013,Itapua
12,2013-03,203.073,23.24,183.0,975424.499746469,-,Itapua,183.0,975424.499746469,3,2013,Itapua
13,2013-04,187.989,21.25,72.0,975424.499746469,-,Itapua,72.0,975424.499746469,4,2013,Itapua
14,2013-05,163.548,18.66,17.0,975424.499746469,-,Itapua,17.0,975424.499746469,5,2013,Itapua
15,2013-06,159.315,16.94,1.0,975424.499746469,-,Itapua,1.0,975424.499746469,6,2013,Itapua
16,2013-07,33.949,16.33,16.0,975424.499746469,-,Itapua,16.0,975424.499746469,7,2013,Itapua
17,2013-08,110.983,15.02,0.0,975424.499746469,-,Itapua,0.0,975424.499746469,8,2013,Itapua
18,2013-09,179.33,19.15,22.0,975424.499746469,-,Itapua,22.0,975424.499746469,9,2013,Itapua
19,2013-10,176.826,21.61,1.0,975424.499746469,-,Itapua,1.0,975424.499746469,10,2013,Itapua
20,2013-11,163.857,24.08,0.0,975424.499746469,-,Itapua,0.0,975424.499746469,11,2013,Itapua
21,2013-12,116.962,26.37,0.0,975424.499746469,-,Itapua,0.0,975424.499746469,12,2013,Itapua
22,2014-01,128.012,26.89,1.0,988909.63107937,-,Itapua,1.0,988909.63107937,1,2014,Itapua
23,2014-02,80.918,27.36,4.0,988909.63107937,-,Itapua,4.0,988909.63107937,2,2014,Itapua
24,2014-03,184.206,23.63,3.0,988909.63107937,-,Itapua,3.0,988909.63107937,3,2014,Itapua
25,2014-04,243.909,21.6,0.0,988909.63107937,-,Itapua,0.0,988909.63107937,4,2014,Itapua
26,2014-05,206.591,18.4,0.0,988909.63107937,-,Itapua,0.0,988909.63107937,5,2014,Itapua
27,2014-06,360.238,17.15,0.0,988909.63107937,-,Itapua,0.0,988909.63107937,6,2014,Itapua
28,2014-07,86.087,16.98,0.0,988909.63107937,-,Itapua,0.0,988909.63107937,7,2014,Itapua
29,2014-08,46.459,19.65,0.0,988909.63107937,-,Itapua,0.0,988909.63107937,8,2014,Itapua
30,2014-09,360.848,22.24,0.0,988909.63107937,-,Itapua,0.0,988909.63107937,9,2014,Itapua
31,2014-10,38.071,25.86,0.0,988909.63107937,-,Itapua,0.0,988909.63107937,10,2014,Itapua
32,2014-11,206.133,23.81,0.0,988909.63107937,-,Itapua,0.0,988909.63107937,11,2014,Itapua
33,2014-12,180.205,25.38,0.0,988909.63107937,-,Itapua,0.0,988909.63107937,12,2014,Itapua
34,2015-01,222.591,26.3,0.0,1002244.92761968,-,Itapua,0.0,1002244.92761968,1,2015,Itapua
35,2015-02,138.624,25.83,2.0,1002244.92761968,-,Itapua,2.0,1002244.92761968,2,2015,Itapua
36,2015-03,111.723,24.7,3.0,1002244.92761968,-,Itapua,3.0,1002244.92761968,3,2015,Itapua
37,2015-04,121.806,22.06,11.0,1002244.92761968,-,Itapua,11.0,1002244.92761968,4,2015,Itapua
38,2015-05,199.112,19.16,4.0,1002244.92761968,-,Itapua,4.0,1002244.92761968,5,2015,Itapua
39,2015-06,144.547,18.77,0.0,1002244.92761968,-,Itapua,0.0,1002244.92761968,6,2015,Itapua
40,2015-07,168.561,16.96,0.0,1002244.92761968,-,Itapua,0.0,1002244.92761968,7,2015,Itapua
41,2015-08,59.059,22.12,0.0,1002244.92761968,-,Itapua,0.0,1002244.92761968,8,2015,Itapua
42,2015-09,101.602,21.6,0.0,1002244.92761968,-,Itapua,0.0,1002244.92761968,9,2015,Itapua
43,2015-10,133.06,23.37,0.0,1002244.92761968,-,Itapua,0.0,1002244.92761968,10,2015,Itapua
44,2015-11,415.622,23.52,1.0,1002244.92761968,-,Itapua,1.0,1002244.92761968,11,2015,Itapua
45,2015-12,441.56,25.2,30.0,1002244.92761968,-,Itapua,30.0,1002244.92761968,12,2015,Itapua
46,2016-01,163.203,26.87,30.0,1015580.22416,-,Itapua,30.0,1015580.22416,1,2016,Itapua
47,2016-02,224.476,26.58,30.0,1015580.22416,-,Itapua,30.0,1015580.22416,2,2016,Itapua
48,2016-03,210.913,22.9,13.0,1015580.22416,-,Itapua,13.0,1015580.22416,3,2016,Itapua
49,2016-04,119.087,23.94,14.0,1015580.22416,-,Itapua,14.0,1015580.22416,4,2016,Itapua
50,2016-05,120.83,16.53,9.0,1015580.22416,-,Itapua,9.0,1015580.22416,5,2016,Itapua
51,2016-06,6.661,13.34,1.0,1015580.22416,-,Itapua,1.0,1015580.22416,6,2016,Itapua
52,2016-07,87.627,16.61,0.0,1015580.22416,-,Itapua,0.0,1015580.22416,7,2016,Itapua
53,2016-08,125.575,18.43,0.0,1015580.22416,-,Itapua,0.0,1015580.22416,8,2016,Itapua
54,2016-09,45.934,18.23,0.0,1015580.22416,-,Itapua,0.0,1015580.22416,9,2016,Itapua
55,2016-10,182.858,22.21,1.0,1015580.22416,-,Itapua,1.0,1015580.22416,10,2016,Itapua
56,2016-11,158.706,23.11,0.0,1015580.22416,-,Itapua,0.0,1015580.22416,11,2016,Itapua
57,2016-12,131.819,25.68,0.0,1015580.22416,-,Itapua,0.0,1015580.22416,12,2016,Itapua
0,2012-03,73.421,24.34,2.0,87981.3631722587,-,Neembucu,2.0,87981.3631722587,3,2012,Neembucu
1,2012-04,173.726,20.75,7.0,87981.3631722587,-,Neembucu,7.0,87981.3631722587,4,2012,Neembucu
2,2012-05,61.42,18.82,3.0,87981.3631722587,-,Neembucu,3.0,87981.3631722587,5,2012,Neembucu
3,2012-06,123.539,16.17,0.0,87981.3631722587,-,Neembucu,0.0,87981.3631722587,6,2012,Neembucu
4,2012-07,122.25,14.54,0.0,87981.3631722587,-,Neembucu,0.0,87981.3631722587,7,2012,Neembucu
5,2012-08,39.233,20.11,2.0,87981.3631722587,-,Neembucu,2.0,87981.3631722587,8,2012,Neembucu
6,2012-09,36.689,21.22,2.0,87981.3631722587,-,Neembucu,2.0,87981.3631722587,9,2012,Neembucu
7,2012-10,236.118,23.14,0.0,87981.3631722587,-,Neembucu,0.0,87981.3631722587,10,2012,Neembucu
8,2012-11,59.772,24.98,0.0,87981.3631722587,-,Neembucu,0.0,87981.3631722587,11,2012,Neembucu
9,2012-12,209.657,26.67,0.0,87981.3631722587,-,Neembucu,0.0,87981.3631722587,12,2012,Neembucu
10,2013-01,100.881,25.76,7.0,89186.9626676119,-,Neembucu,7.0,89186.9626676119,1,2013,Neembucu
11,2013-02,145.344,25.17,9.0,89186.9626676119,-,Neembucu,9.0,89186.9626676119,2,2013,Neembucu
12,2013-03,204.321,22.6,20.0,89186.9626676119,-,Neembucu,20.0,89186.9626676119,3,2013,Neembucu
13,2013-04,170.13,20.92,5.0,89186.9626676119,-,Neembucu,5.0,89186.9626676119,4,2013,Neembucu
14,2013-05,155.162,17.97,61.0,89186.9626676119,-,Neembucu,61.0,89186.9626676119,5,2013,Neembucu
15,2013-06,174.615,16.34,0.0,89186.9626676119,-,Neembucu,0.0,89186.9626676119,6,2013,Neembucu
16,2013-07,55.81,15.54,2.0,89186.9626676119,-,Neembucu,2.0,89186.9626676119,7,2013,Neembucu
17,2013-08,151.019,14.35,0.0,89186.9626676119,-,Neembucu,0.0,89186.9626676119,8,2013,Neembucu
18,2013-09,196.272,18.47,0.0,89186.9626676119,-,Neembucu,0.0,89186.9626676119,9,2013,Neembucu
19,2013-10,212.283,21.09,0.0,89186.9626676119,-,Neembucu,0.0,89186.9626676119,10,2013,Neembucu
20,2013-11,156.005,23.74,0.0,89186.9626676119,-,Neembucu,0.0,89186.9626676119,11,2013,Neembucu
21,2013-12,103.792,26.17,0.0,89186.9626676119,-,Neembucu,0.0,89186.9626676119,12,2013,Neembucu
22,2014-01,180.75,26.52,0.0,90419.962151496,-,Neembucu,0.0,90419.962151496,1,2014,Neembucu
23,2014-02,83.366,26.94,0.0,90419.962151496,-,Neembucu,0.0,90419.962151496,2,2014,Neembucu
24,2014-03,234.888,23.08,2.0,90419.962151496,-,Neembucu,2.0,90419.962151496,3,2014,Neembucu
25,2014-04,252.662,21.21,81.0,90419.962151496,-,Neembucu,81.0,90419.962151496,4,2014,Neembucu
26,2014-05,257.728,17.82,32.0,90419.962151496,-,Neembucu,32.0,90419.962151496,5,2014,Neembucu
27,2014-06,386.194,16.43,11.0,90419.962151496,-,Neembucu,11.0,90419.962151496,6,2014,Neembucu
28,2014-07,159.305,16.21,0.0,90419.962151496,-,Neembucu,0.0,90419.962151496,7,2014,Neembucu
29,2014-08,43.466,18.47,1.0,90419.962151496,-,Neembucu,1.0,90419.962151496,8,2014,Neembucu
30,2014-09,380.516,21.08,0.0,90419.962151496,-,Neembucu,0.0,90419.962151496,9,2014,Neembucu
31,2014-10,62.439,24.99,0.0,90419.962151496,-,Neembucu,0.0,90419.962151496,10,2014,Neembucu
32,2014-11,180.476,23.58,0.0,90419.962151496,-,Neembucu,0.0,90419.962151496,11,2014,Neembucu
33,2014-12,285.012,25.05,0.0,90419.962151496,-,Neembucu,0.0,90419.962151496,12,2014,Neembucu
34,2015-01,259.424,25.92,0.0,91639.2616411146,-,Neembucu,0.0,91639.2616411146,1,2015,Neembucu
35,2015-02,137.166,25.42,0.0,91639.2616411146,-,Neembucu,0.0,91639.2616411146,2,2015,Neembucu
36,2015-03,160.378,24.39,0.0,91639.2616411146,-,Neembucu,0.0,91639.2616411146,3,2015,Neembucu
37,2015-04,128.326,21.57,1.0,91639.2616411146,-,Neembucu,1.0,91639.2616411146,4,2015,Neembucu
38,2015-05,227.403,18.75,2.0,91639.2616411146,-,Neembucu,2.0,91639.2616411146,5,2015,Neembucu
39,2015-06,178.791,17.79,0.0,91639.2616411146,-,Neembucu,0.0,91639.2616411146,6,2015,Neembucu
40,2015-07,209.31,16.34,0.0,91639.2616411146,-,Neembucu,0.0,91639.2616411146,7,2015,Neembucu
41,2015-08,71.585,21.16,0.0,91639.2616411146,-,Neembucu,0.0,91639.2616411146,8,2015,Neembucu
42,2015-09,116.04,20.43,0.0,91639.2616411146,-,Neembucu,0.0,91639.2616411146,9,2015,Neembucu
43,2015-10,228.259,22.26,1.0,91639.2616411146,-,Neembucu,1.0,91639.2616411146,10,2015,Neembucu
44,2015-11,283.486,22.87,0.0,91639.2616411146,-,Neembucu,0.0,91639.2616411146,11,2015,Neembucu
45,2015-12,444.881,24.71,6.0,91639.2616411146,-,Neembucu,6.0,91639.2616411146,12,2015,Neembucu
46,2016-01,148.198,26.85,23.0,92858.5611307333,-,Neembucu,23.0,92858.5611307333,1,2016,Neembucu
47,2016-02,200.829,26.27,33.0,92858.5611307333,-,Neembucu,33.0,92858.5611307333,2,2016,Neembucu
48,2016-03,189.071,22.68,14.0,92858.5611307333,-,Neembucu,14.0,92858.5611307333,3,2016,Neembucu
49,2016-04,164.48,23.5,7.0,92858.5611307333,-,Neembucu,7.0,92858.5611307333,4,2016,Neembucu
50,2016-05,109.118,16.12,2.0,92858.5611307333,-,Neembucu,2.0,92858.5611307333,5,2016,Neembucu
51,2016-06,16.134,12.93,1.0,92858.5611307333,-,Neembucu,1.0,92858.5611307333,6,2016,Neembucu
52,2016-07,139.636,15.72,0.0,92858.5611307333,-,Neembucu,0.0,92858.5611307333,7,2016,Neembucu
53,2016-08,125.532,17.59,0.0,92858.5611307333,-,Neembucu,0.0,92858.5611307333,8,2016,Neembucu
54,2016-09,51.651,17.59,0.0,92858.5611307333,-,Neembucu,0.0,92858.5611307333,9,2016,Neembucu
55,2016-10,255.81,21.36,0.0,92858.5611307333,-,Neembucu,0.0,92858.5611307333,10,2016,Neembucu
56,2016-11,153.904,22.62,0.0,92858.5611307333,-,Neembucu,0.0,92858.5611307333,11,2016,Neembucu
57,2016-12,154.435,25.2,0.0,92858.5611307333,-,Neembucu,0.0,92858.5611307333,12,2016,Neembucu
0,2012-03,70.346,25.83,13.0,399946.777117048,-,Paraguari,13.0,399946.777117048,3,2012,Paraguari
1,2012-04,160.908,21.71,78.0,399946.777117048,-,Paraguari,78.0,399946.777117048,4,2012,Paraguari
2,2012-05,76.408,19.99,39.0,399946.777117048,-,Paraguari,39.0,399946.777117048,5,2012,Paraguari
3,2012-06,63.351,16.97,66.0,399946.777117048,-,Paraguari,66.0,399946.777117048,6,2012,Paraguari
4,2012-07,57.008,14.21,64.0,399946.777117048,-,Paraguari,64.0,399946.777117048,7,2012,Paraguari
5,2012-08,69.884,20.45,6.0,399946.777117048,-,Paraguari,6.0,399946.777117048,8,2012,Paraguari
6,2012-09,51.646,21.82,8.0,399946.777117048,-,Paraguari,8.0,399946.777117048,9,2012,Paraguari
7,2012-10,134.337,24.61,5.0,399946.777117048,-,Paraguari,5.0,399946.777117048,10,2012,Paraguari
8,2012-11,93.328,26.11,0.0,399946.777117048,-,Paraguari,0.0,399946.777117048,11,2012,Paraguari
9,2012-12,209.781,27.98,2.0,399946.777117048,-,Paraguari,2.0,399946.777117048,12,2012,Paraguari
10,2013-01,65.647,27.48,47.0,405427.206326998,-,Paraguari,47.0,405427.206326998,1,2013,Paraguari
11,2013-02,85.655,27.15,183.0,405427.206326998,-,Paraguari,183.0,405427.206326998,2,2013,Paraguari
12,2013-03,134.694,23.9,524.0,405427.206326998,-,Paraguari,524.0,405427.206326998,3,2013,Paraguari
13,2013-04,199.147,22.0,488.0,405427.206326998,-,Paraguari,488.0,405427.206326998,4,2013,Paraguari
14,2013-05,129.257,18.56,322.0,405427.206326998,-,Paraguari,322.0,405427.206326998,5,2013,Paraguari
15,2013-06,81.152,16.68,89.0,405427.206326998,-,Paraguari,89.0,405427.206326998,6,2013,Paraguari
16,2013-07,77.964,16.28,12.0,405427.206326998,-,Paraguari,12.0,405427.206326998,7,2013,Paraguari
17,2013-08,78.278,14.92,0.0,405427.206326998,-,Paraguari,0.0,405427.206326998,8,2013,Paraguari
18,2013-09,122.257,18.9,2.0,405427.206326998,-,Paraguari,2.0,405427.206326998,9,2013,Paraguari
19,2013-10,163.977,21.99,0.0,405427.206326998,-,Paraguari,0.0,405427.206326998,10,2013,Paraguari
20,2013-11,180.01,24.49,1.0,405427.206326998,-,Paraguari,1.0,405427.206326998,11,2013,Paraguari
21,2013-12,44.788,28.05,2.0,405427.206326998,-,Paraguari,2.0,405427.206326998,12,2013,Paraguari
22,2014-01,162.411,28.57,0.0,411032.190746266,-,Paraguari,0.0,411032.190746266,1,2014,Paraguari
23,2014-02,94.154,28.36,0.0,411032.190746266,-,Paraguari,0.0,411032.190746266,2,2014,Paraguari
24,2014-03,283.112,23.81,0.0,411032.190746266,-,Paraguari,0.0,411032.190746266,3,2014,Paraguari
25,2014-04,251.638,21.86,9.0,411032.190746266,-,Paraguari,9.0,411032.190746266,4,2014,Paraguari
26,2014-05,180.743,18.57,6.0,411032.190746266,-,Paraguari,6.0,411032.190746266,5,2014,Paraguari
27,2014-06,186.139,16.61,1.0,411032.190746266,-,Paraguari,1.0,411032.190746266,6,2014,Paraguari
28,2014-07,146.709,16.92,0.0,411032.190746266,-,Paraguari,0.0,411032.190746266,7,2014,Paraguari
29,2014-08,41.255,19.17,0.0,411032.190746266,-,Paraguari,0.0,411032.190746266,8,2014,Paraguari
30,2014-09,308.818,21.62,0.0,411032.190746266,-,Paraguari,0.0,411032.190746266,9,2014,Paraguari
31,2014-10,53.236,25.77,0.0,411032.190746266,-,Paraguari,0.0,411032.190746266,10,2014,Paraguari
32,2014-11,167.086,24.39,0.0,411032.190746266,-,Paraguari,0.0,411032.190746266,11,2014,Paraguari
33,2014-12,222.427,26.06,0.0,411032.190746266,-,Paraguari,0.0,411032.190746266,12,2014,Paraguari
34,2015-01,176.082,27.09,0.0,416574.897560874,-,Paraguari,0.0,416574.897560874,1,2015,Paraguari
35,2015-02,82.221,27.01,0.0,416574.897560874,-,Paraguari,0.0,416574.897560874,2,2015,Paraguari
36,2015-03,108.622,25.74,3.0,416574.897560874,-,Paraguari,3.0,416574.897560874,3,2015,Paraguari
37,2015-04,121.726,22.67,9.0,416574.897560874,-,Paraguari,9.0,416574.897560874,4,2015,Paraguari
38,2015-05,166.116,19.51,10.0,416574.897560874,-,Paraguari,10.0,416574.897560874,5,2015,Paraguari
39,2015-06,117.053,18.41,8.0,416574.897560874,-,Paraguari,8.0,416574.897560874,6,2015,Paraguari
40,2015-07,94.342,16.76,0.0,416574.897560874,-,Paraguari,0.0,416574.897560874,7,2015,Paraguari
41,2015-08,101.714,21.16,0.0,416574.897560874,-,Paraguari,0.0,416574.897560874,8,2015,Paraguari
42,2015-09,111.532,20.33,0.0,416574.897560874,-,Paraguari,0.0,416574.897560874,9,2015,Paraguari
43,2015-10,162.14,22.23,0.0,416574.897560874,-,Paraguari,0.0,416574.897560874,10,2015,Paraguari
44,2015-11,278.819,23.42,0.0,416574.897560874,-,Paraguari,0.0,416574.897560874,11,2015,Paraguari
45,2015-12,431.222,25.8,30.0,416574.897560874,-,Paraguari,30.0,416574.897560874,12,2015,Paraguari
46,2016-01,136.746,28.11,92.0,422117.604375483,-,Paraguari,92.0,422117.604375483,1,2016,Paraguari
47,2016-02,207.172,27.72,259.0,422117.604375483,-,Paraguari,259.0,422117.604375483,2,2016,Paraguari
48,2016-03,140.089,23.42,73.0,422117.604375483,-,Paraguari,73.0,422117.604375483,3,2016,Paraguari
49,2016-04,164.516,24.12,27.0,422117.604375483,-,Paraguari,27.0,422117.604375483,4,2016,Paraguari
50,2016-05,64.619,16.3,8.0,422117.604375483,-,Paraguari,8.0,422117.604375483,5,2016,Paraguari
51,2016-06,68.725,13.06,0.0,422117.604375483,-,Paraguari,0.0,422117.604375483,6,2016,Paraguari
52,2016-07,77.536,16.09,0.0,422117.604375483,-,Paraguari,0.0,422117.604375483,7,2016,Paraguari
53,2016-08,77.12,18.57,0.0,422117.604375483,-,Paraguari,0.0,422117.604375483,8,2016,Paraguari
54,2016-09,27.947,18.52,0.0,422117.604375483,-,Paraguari,0.0,422117.604375483,9,2016,Paraguari
55,2016-10,337.533,22.02,0.0,422117.604375483,-,Paraguari,0.0,422117.604375483,10,2016,Paraguari
56,2016-11,113.229,23.56,0.0,422117.604375483,-,Paraguari,0.0,422117.604375483,11,2016,Paraguari
57,2016-12,156.52,26.45,0.0,422117.604375483,-,Paraguari,0.0,422117.604375483,12,2016,Paraguari
0,2012-03,142.091,26.02,3.0,89418.1716906684,-,PresidenteHayes,3.0,89418.1716906684,3,2012,PresidenteHayes
1,2012-04,265.915,23.32,7.0,89418.1716906684,-,PresidenteHayes,7.0,89418.1716906684,4,2012,PresidenteHayes
2,2012-05,66.927,21.33,1.0,89418.1716906684,-,PresidenteHayes,1.0,89418.1716906684,5,2012,PresidenteHayes
3,2012-06,80.534,18.88,5.0,89418.1716906684,-,PresidenteHayes,5.0,89418.1716906684,6,2012,PresidenteHayes
4,2012-07,78.735,16.84,1.0,89418.1716906684,-,PresidenteHayes,1.0,89418.1716906684,7,2012,PresidenteHayes
5,2012-08,19.82,22.6,1.0,89418.1716906684,-,PresidenteHayes,1.0,89418.1716906684,8,2012,PresidenteHayes
6,2012-09,38.968,24.92,1.0,89418.1716906684,-,PresidenteHayes,1.0,89418.1716906684,9,2012,PresidenteHayes
7,2012-10,136.415,27.33,7.0,89418.1716906684,-,PresidenteHayes,7.0,89418.1716906684,10,2012,PresidenteHayes
8,2012-11,139.989,27.15,0.0,89418.1716906684,-,PresidenteHayes,0.0,89418.1716906684,11,2012,PresidenteHayes
9,2012-12,71.951,29.59,13.0,89418.1716906684,-,PresidenteHayes,13.0,89418.1716906684,12,2012,PresidenteHayes
10,2013-01,45.527,30.0,64.0,90643.4596241438,-,PresidenteHayes,64.0,90643.4596241438,1,2013,PresidenteHayes
11,2013-02,95.043,29.12,426.0,90643.4596241438,-,PresidenteHayes,426.0,90643.4596241438,2,2013,PresidenteHayes
12,2013-03,58.833,26.8,1376.0,90643.4596241438,-,PresidenteHayes,1376.0,90643.4596241438,3,2013,PresidenteHayes
13,2013-04,156.807,23.68,505.0,90643.4596241438,-,PresidenteHayes,505.0,90643.4596241438,4,2013,PresidenteHayes
14,2013-05,100.231,21.27,436.0,90643.4596241438,-,PresidenteHayes,436.0,90643.4596241438,5,2013,PresidenteHayes
15,2013-06,140.859,19.11,21.0,90643.4596241438,-,PresidenteHayes,21.0,90643.4596241438,6,2013,PresidenteHayes
16,2013-07,17.386,18.59,7.0,90643.4596241438,-,PresidenteHayes,7.0,90643.4596241438,7,2013,PresidenteHayes
17,2013-08,35.14,17.98,0.0,90643.4596241438,-,PresidenteHayes,0.0,90643.4596241438,8,2013,PresidenteHayes
18,2013-09,62.624,22.37,0.0,90643.4596241438,-,PresidenteHayes,0.0,90643.4596241438,9,2013,PresidenteHayes
19,2013-10,209.208,24.07,0.0,90643.4596241438,-,PresidenteHayes,0.0,90643.4596241438,10,2013,PresidenteHayes
20,2013-11,126.615,26.11,2.0,90643.4596241438,-,PresidenteHayes,2.0,90643.4596241438,11,2013,PresidenteHayes
21,2013-12,85.36,29.32,19.0,90643.4596241438,-,PresidenteHayes,19.0,90643.4596241438,12,2013,PresidenteHayes
22,2014-01,195.397,27.84,3.0,91896.5950106526,-,PresidenteHayes,3.0,91896.5950106526,1,2014,PresidenteHayes
23,2014-02,44.393,29.07,1.0,91896.5950106526,-,PresidenteHayes,1.0,91896.5950106526,2,2014,PresidenteHayes
24,2014-03,212.683,25.14,0.0,91896.5950106526,-,PresidenteHayes,0.0,91896.5950106526,3,2014,PresidenteHayes
25,2014-04,180.361,24.02,8.0,91896.5950106526,-,PresidenteHayes,8.0,91896.5950106526,4,2014,PresidenteHayes
26,2014-05,201.965,20.44,0.0,91896.5950106526,-,PresidenteHayes,0.0,91896.5950106526,5,2014,PresidenteHayes
27,2014-06,152.727,19.03,0.0,91896.5950106526,-,PresidenteHayes,0.0,91896.5950106526,6,2014,PresidenteHayes
28,2014-07,99.2,18.87,0.0,91896.5950106526,-,PresidenteHayes,0.0,91896.5950106526,7,2014,PresidenteHayes
29,2014-08,13.021,22.12,0.0,91896.5950106526,-,PresidenteHayes,0.0,91896.5950106526,8,2014,PresidenteHayes
30,2014-09,126.434,25.49,0.0,91896.5950106526,-,PresidenteHayes,0.0,91896.5950106526,9,2014,PresidenteHayes
31,2014-10,42.165,28.67,0.0,91896.5950106526,-,PresidenteHayes,0.0,91896.5950106526,10,2014,PresidenteHayes
32,2014-11,188.824,25.86,0.0,91896.5950106526,-,PresidenteHayes,0.0,91896.5950106526,11,2014,PresidenteHayes
33,2014-12,88.957,27.75,0.0,91896.5950106526,-,PresidenteHayes,0.0,91896.5950106526,12,2014,PresidenteHayes
34,2015-01,117.306,29.33,0.0,93135.8066706448,-,PresidenteHayes,0.0,93135.8066706448,1,2015,PresidenteHayes
35,2015-02,175.255,28.18,0.0,93135.8066706448,-,PresidenteHayes,0.0,93135.8066706448,2,2015,PresidenteHayes
36,2015-03,95.557,26.74,2.0,93135.8066706448,-,PresidenteHayes,2.0,93135.8066706448,3,2015,PresidenteHayes
37,2015-04,144.24,24.51,0.0,93135.8066706448,-,PresidenteHayes,0.0,93135.8066706448,4,2015,PresidenteHayes
38,2015-05,202.416,21.12,1.0,93135.8066706448,-,PresidenteHayes,1.0,93135.8066706448,5,2015,PresidenteHayes
39,2015-06,66.661,21.01,0.0,93135.8066706448,-,PresidenteHayes,0.0,93135.8066706448,6,2015,PresidenteHayes
40,2015-07,131.496,18.78,22.0,93135.8066706448,-,PresidenteHayes,22.0,93135.8066706448,7,2015,PresidenteHayes
41,2015-08,48.552,23.66,0.0,93135.8066706448,-,PresidenteHayes,0.0,93135.8066706448,8,2015,PresidenteHayes
42,2015-09,88.001,23.89,12.0,93135.8066706448,-,PresidenteHayes,12.0,93135.8066706448,9,2015,PresidenteHayes
43,2015-10,158.344,25.03,0.0,93135.8066706448,-,PresidenteHayes,0.0,93135.8066706448,10,2015,PresidenteHayes
44,2015-11,234.932,25.67,1.0,93135.8066706448,-,PresidenteHayes,1.0,93135.8066706448,11,2015,PresidenteHayes
45,2015-12,360.004,27.41,36.0,93135.8066706448,-,PresidenteHayes,36.0,93135.8066706448,12,2015,PresidenteHayes
46,2016-01,165.698,28.56,17.0,94375.0183306369,-,PresidenteHayes,17.0,94375.0183306369,1,2016,PresidenteHayes
47,2016-02,212.835,28.5,4.0,94375.0183306369,-,PresidenteHayes,4.0,94375.0183306369,2,2016,PresidenteHayes
48,2016-03,217.129,24.54,1.0,94375.0183306369,-,PresidenteHayes,1.0,94375.0183306369,3,2016,PresidenteHayes
49,2016-04,104.453,25.29,0.0,94375.0183306369,-,PresidenteHayes,0.0,94375.0183306369,4,2016,PresidenteHayes
50,2016-05,113.919,18.09,0.0,94375.0183306369,-,PresidenteHayes,0.0,94375.0183306369,5,2016,PresidenteHayes
51,2016-06,23.34,14.96,0.0,94375.0183306369,-,PresidenteHayes,0.0,94375.0183306369,6,2016,PresidenteHayes
52,2016-07,32.261,18.75,0.0,94375.0183306369,-,PresidenteHayes,0.0,94375.0183306369,7,2016,PresidenteHayes
53,2016-08,88.875,20.92,0.0,94375.0183306369,-,PresidenteHayes,0.0,94375.0183306369,8,2016,PresidenteHayes
54,2016-09,36.873,20.59,0.0,94375.0183306369,-,PresidenteHayes,0.0,94375.0183306369,9,2016,PresidenteHayes
55,2016-10,153.461,24.74,0.0,94375.0183306369,-,PresidenteHayes,0.0,94375.0183306369,10,2016,PresidenteHayes
56,2016-11,165.905,24.98,0.0,94375.0183306369,-,PresidenteHayes,0.0,94375.0183306369,11,2016,PresidenteHayes
57,2016-12,182.396,27.24,0.0,94375.0183306369,-,PresidenteHayes,0.0,94375.0183306369,12,2016,PresidenteHayes
0,2012-03,87.439,25.31,3.0,395956.030456543,-,SanPedro,3.0,395956.030456543,3,2012,SanPedro
1,2012-04,271.691,22.84,4.0,395956.030456543,-,SanPedro,4.0,395956.030456543,4,2012,SanPedro
2,2012-05,97.311,20.72,10.0,395956.030456543,-,SanPedro,10.0,395956.030456543,5,2012,SanPedro
3,2012-06,154.829,18.49,4.0,395956.030456543,-,SanPedro,4.0,395956.030456543,6,2012,SanPedro
4,2012-07,105.415,17.13,26.0,395956.030456543,-,SanPedro,26.0,395956.030456543,7,2012,SanPedro
5,2012-08,12.942,22.57,1.0,395956.030456543,-,SanPedro,1.0,395956.030456543,8,2012,SanPedro
6,2012-09,31.431,24.15,3.0,395956.030456543,-,SanPedro,3.0,395956.030456543,9,2012,SanPedro
7,2012-10,174.905,25.93,14.0,395956.030456543,-,SanPedro,14.0,395956.030456543,10,2012,SanPedro
8,2012-11,115.728,26.18,1.0,395956.030456543,-,SanPedro,1.0,395956.030456543,11,2012,SanPedro
9,2012-12,74.241,28.88,15.0,395956.030456543,-,SanPedro,15.0,395956.030456543,12,2012,SanPedro
10,2013-01,112.983,27.63,29.0,401381.774878869,-,SanPedro,29.0,401381.774878869,1,2013,SanPedro
11,2013-02,165.231,27.15,37.0,401381.774878869,-,SanPedro,37.0,401381.774878869,2,2013,SanPedro
12,2013-03,106.491,25.21,87.0,401381.774878869,-,SanPedro,87.0,401381.774878869,3,2013,SanPedro
13,2013-04,178.982,22.73,13.0,401381.774878869,-,SanPedro,13.0,401381.774878869,4,2013,SanPedro
14,2013-05,146.772,20.46,4.0,401381.774878869,-,SanPedro,4.0,401381.774878869,5,2013,SanPedro
15,2013-06,210.649,18.73,2.0,401381.774878869,-,SanPedro,2.0,401381.774878869,6,2013,SanPedro
16,2013-07,47.226,18.12,21.0,401381.774878869,-,SanPedro,21.0,401381.774878869,7,2013,SanPedro
17,2013-08,46.926,17.44,31.0,401381.774878869,-,SanPedro,31.0,401381.774878869,8,2013,SanPedro
18,2013-09,98.38,21.64,13.0,401381.774878869,-,SanPedro,13.0,401381.774878869,9,2013,SanPedro
19,2013-10,148.275,23.26,3.0,401381.774878869,-,SanPedro,3.0,401381.774878869,10,2013,SanPedro
20,2013-11,135.22,25.66,1.0,401381.774878869,-,SanPedro,1.0,401381.774878869,11,2013,SanPedro
21,2013-12,84.318,28.06,7.0,401381.774878869,-,SanPedro,7.0,401381.774878869,12,2013,SanPedro
22,2014-01,203.207,27.25,0.0,406930.831674429,-,SanPedro,0.0,406930.831674429,1,2014,SanPedro
23,2014-02,54.798,27.96,0.0,406930.831674429,-,SanPedro,0.0,406930.831674429,2,2014,SanPedro
24,2014-03,256.764,24.61,0.0,406930.831674429,-,SanPedro,0.0,406930.831674429,3,2014,SanPedro
25,2014-04,176.089,23.39,0.0,406930.831674429,-,SanPedro,0.0,406930.831674429,4,2014,SanPedro
26,2014-05,189.632,19.85,0.0,406930.831674429,-,SanPedro,0.0,406930.831674429,5,2014,SanPedro
27,2014-06,231.378,19.1,0.0,406930.831674429,-,SanPedro,0.0,406930.831674429,6,2014,SanPedro
28,2014-07,175.236,18.55,0.0,406930.831674429,-,SanPedro,0.0,406930.831674429,7,2014,SanPedro
29,2014-08,19.683,21.86,0.0,406930.831674429,-,SanPedro,0.0,406930.831674429,8,2014,SanPedro
30,2014-09,264.31,24.59,0.0,406930.831674429,-,SanPedro,0.0,406930.831674429,9,2014,SanPedro
31,2014-10,35.605,27.46,0.0,406930.831674429,-,SanPedro,0.0,406930.831674429,10,2014,SanPedro
32,2014-11,188.548,25.09,0.0,406930.831674429,-,SanPedro,0.0,406930.831674429,11,2014,SanPedro
33,2014-12,121.157,26.45,0.0,406930.831674429,-,SanPedro,0.0,406930.831674429,12,2014,SanPedro
34,2015-01,173.835,27.74,0.0,412418.232283372,-,SanPedro,0.0,412418.232283372,1,2015,SanPedro
35,2015-02,170.935,26.6,2.0,412418.232283372,-,SanPedro,2.0,412418.232283372,2,2015,SanPedro
36,2015-03,103.056,25.77,24.0,412418.232283372,-,SanPedro,24.0,412418.232283372,3,2015,SanPedro
37,2015-04,110.605,23.71,65.0,412418.232283372,-,SanPedro,65.0,412418.232283372,4,2015,SanPedro
38,2015-05,184.591,20.58,28.0,412418.232283372,-,SanPedro,28.0,412418.232283372,5,2015,SanPedro
39,2015-06,85.555,20.4,177.0,412418.232283372,-,SanPedro,177.0,412418.232283372,6,2015,SanPedro
40,2015-07,349.641,18.64,95.0,412418.232283372,-,SanPedro,95.0,412418.232283372,7,2015,SanPedro
41,2015-08,38.606,23.99,49.0,412418.232283372,-,SanPedro,49.0,412418.232283372,8,2015,SanPedro
42,2015-09,126.77,23.72,34.0,412418.232283372,-,SanPedro,34.0,412418.232283372,9,2015,SanPedro
43,2015-10,106.236,25.19,15.0,412418.232283372,-,SanPedro,15.0,412418.232283372,10,2015,SanPedro
44,2015-11,356.06,25.07,25.0,412418.232283372,-,SanPedro,25.0,412418.232283372,11,2015,SanPedro
45,2015-12,351.607,26.57,25.0,412418.232283372,-,SanPedro,25.0,412418.232283372,12,2015,SanPedro
46,2016-01,193.79,27.48,2.0,417905.632892315,-,SanPedro,2.0,417905.632892315,1,2016,SanPedro
47,2016-02,245.42,27.36,16.0,417905.632892315,-,SanPedro,16.0,417905.632892315,2,2016,SanPedro
48,2016-03,255.803,24.1,14.0,417905.632892315,-,SanPedro,14.0,417905.632892315,3,2016,SanPedro
49,2016-04,67.984,25.21,2.0,417905.632892315,-,SanPedro,2.0,417905.632892315,4,2016,SanPedro
50,2016-05,171.56,17.93,1.0,417905.632892315,-,SanPedro,1.0,417905.632892315,5,2016,SanPedro
51,2016-06,16.912,15.2,0.0,417905.632892315,-,SanPedro,0.0,417905.632892315,6,2016,SanPedro
52,2016-07,63.325,18.51,0.0,417905.632892315,-,SanPedro,0.0,417905.632892315,7,2016,SanPedro
53,2016-08,201.598,20.18,0.0,417905.632892315,-,SanPedro,0.0,417905.632892315,8,2016,SanPedro
54,2016-09,61.805,19.76,0.0,417905.632892315,-,SanPedro,0.0,417905.632892315,9,2016,SanPedro
55,2016-10,176.228,23.91,0.0,417905.632892315,-,SanPedro,0.0,417905.632892315,10,2016,SanPedro
56,2016-11,102.812,24.67,0.0,417905.632892315,-,SanPedro,0.0,417905.632892315,11,2016,SanPedro
57,2016-12,194.833,26.24,0.0,417905.632892315,-,SanPedro,0.0,417905.632892315,12,2016,SanPedro
