,time_period,rainfall,mean_temperature,disease_cases,population,parent,location,target
0,2000-07,430.119,23.44,0.0,58502.7681361607,-,Bokeo,0.0
1,2000-08,321.913,23.82,0.0,58502.7681361607,-,Bokeo,0.0
2,2000-09,265.021,22.66,0.0,58502.7681361607,-,Bokeo,0.0
3,2000-10,103.474,22.57,0.0,58502.7681361607,-,Bokeo,0.0
4,2000-11,19.728,20.28,0.0,58502.7681361607,-,Bokeo,0.0
5,2000-12,25.991,19.13,0.0,58502.7681361607,-,Bokeo,0.0
6,2001-01,17.576,19.76,0.0,60157.4476841518,-,Bokeo,0.0
7,2001-02,7.275,22.01,0.0,60157.4476841518,-,Bokeo,0.0
8,2001-03,123.211,22.57,0.0,60157.4476841518,-,Bokeo,0.0
9,2001-04,29.62,27.5,0.0,60157.4476841518,-,Bokeo,0.0
10,2001-05,439.225,22.91,0.0,60157.4476841518,-,Bokeo,0.0
11,2001-06,289.653,23.97,1.0,60157.4476841518,-,Bokeo,1.0
12,2001-07,433.172,23.18,1.0,60157.4476841518,-,Bokeo,1.0
13,2001-08,317.067,24.05,1.0,60157.4476841518,-,Bokeo,1.0
14,2001-09,261.593,23.34,1.0,60157.4476841518,-,Bokeo,1.0
15,2001-10,150.02,22.58,1.0,60157.4476841518,-,Bokeo,1.0
16,2001-11,36.503,18.57,0.0,60157.4476841518,-,Bokeo,0.0
17,2001-12,15.168,18.64,0.0,60157.4476841518,-,Bokeo,0.0
18,2002-01,32.291,18.11,0.0,61812.1272321429,-,Bokeo,0.0
19,2002-02,23.047,21.52,0.0,61812.1272321429,-,Bokeo,0.0
20,2002-03,43.623,23.42,0.0,61812.1272321429,-,Bokeo,0.0
21,2002-04,56.187,25.89,0.0,61812.1272321429,-,Bokeo,0.0
22,2002-05,408.673,24.07,1.0,61812.1272321429,-,Bokeo,1.0
23,2002-06,364.548,23.91,1.0,61812.1272321429,-,Bokeo,1.0
24,2002-07,530.115,22.98,1.0,61812.1272321429,-,Bokeo,1.0
25,2002-08,387.139,23.19,0.0,61812.1272321429,-,Bokeo,0.0
26,2002-09,192.994,23.57,0.0,61812.1272321429,-,Bokeo,0.0
27,2002-10,150.797,22.03,1.0,61812.1272321429,-,Bokeo,1.0
28,2002-11,108.736,19.68,0.0,61812.1272321429,-,Bokeo,0.0
29,2002-12,62.489,18.37,0.0,61812.1272321429,-,Bokeo,0.0
30,2003-01,69.415,17.7,0.0,63466.8067801339,-,Bokeo,0.0
31,2003-02,24.437,20.22,0.0,63466.8067801339,-,Bokeo,0.0
32,2003-03,129.629,22.15,0.0,63466.8067801339,-,Bokeo,0.0
33,2003-04,54.885,26.0,0.0,63466.8067801339,-,Bokeo,0.0
34,2003-05,186.719,25.6,0.0,63466.8067801339,-,Bokeo,0.0
35,2003-06,315.084,23.93,1.0,63466.8067801339,-,Bokeo,1.0
36,2003-07,285.135,24.3,1.0,63466.8067801339,-,Bokeo,1.0
37,2003-08,318.048,24.06,5.0,63466.8067801339,-,Bokeo,5.0
38,2003-09,273.417,23.6,11.0,63466.8067801339,-,Bokeo,11.0
39,2003-10,97.502,23.05,2.0,63466.8067801339,-,Bokeo,2.0
40,2003-11,8.461,21.04,0.0,63466.8067801339,-,Bokeo,0.0
41,2003-12,6.051,18.46,0.0,63466.8067801339,-,Bokeo,0.0
42,2004-01,22.702,18.59,0.0,65121.486328125,-,Bokeo,0.0
43,2004-02,19.846,20.29,0.0,65121.486328125,-,Bokeo,0.0
44,2004-03,19.357,25.36,0.0,65121.486328125,-,Bokeo,0.0
45,2004-04,194.375,24.64,0.0,65121.486328125,-,Bokeo,0.0
46,2004-05,446.167,23.76,0.0,65121.486328125,-,Bokeo,0.0
47,2004-06,303.529,23.9,0.0,65121.486328125,-,Bokeo,0.0
48,2004-07,357.886,23.53,0.0,65121.486328125,-,Bokeo,0.0
49,2004-08,389.122,23.55,0.0,65121.486328125,-,Bokeo,0.0
50,2004-09,353.402,22.75,0.0,65121.486328125,-,Bokeo,0.0
51,2004-10,81.437,22.1,0.0,65121.486328125,-,Bokeo,0.0
52,2004-11,34.012,20.55,0.0,65121.486328125,-,Bokeo,0.0
53,2004-12,0.734,17.1,0.0,65121.486328125,-,Bokeo,0.0
54,2005-01,14.157,18.9,0.0,66776.1658761161,-,Bokeo,0.0
55,2005-02,1.636,23.35,1.0,66776.1658761161,-,Bokeo,1.0
56,2005-03,94.531,22.68,0.0,66776.1658761161,-,Bokeo,0.0
57,2005-04,78.826,25.08,0.0,66776.1658761161,-,Bokeo,0.0
58,2005-05,164.652,26.0,0.0,66776.1658761161,-,Bokeo,0.0
59,2005-06,332.612,24.22,0.0,66776.1658761161,-,Bokeo,0.0
60,2005-07,380.549,24.2,2.0,66776.1658761161,-,Bokeo,2.0
61,2005-08,502.872,23.22,0.0,66776.1658761161,-,Bokeo,0.0
62,2005-09,328.965,23.62,0.0,66776.1658761161,-,Bokeo,0.0
63,2005-10,108.772,22.84,1.0,66776.1658761161,-,Bokeo,1.0
64,2005-11,54.239,20.66,0.0,66776.1658761161,-,Bokeo,0.0
65,2005-12,43.379,17.21,0.0,66776.1658761161,-,Bokeo,0.0
66,2006-01,0.843,18.97,0.0,68430.8454241072,-,Bokeo,0.0
67,2006-02,16.323,21.53,0.0,68430.8454241072,-,Bokeo,0.0
68,2006-03,31.355,25.25,0.0,68430.8454241072,-,Bokeo,0.0
69,2006-04,134.809,25.06,0.0,68430.8454241072,-,Bokeo,0.0
70,2006-05,299.214,23.54,0.0,68430.8454241072,-,Bokeo,0.0
71,2006-06,229.085,24.62,1.0,68430.8454241072,-,Bokeo,1.0
72,2006-07,410.662,23.65,1.0,68430.8454241072,-,Bokeo,1.0
73,2006-08,529.694,23.6,1.0,68430.8454241072,-,Bokeo,1.0
74,2006-09,201.54,23.42,1.0,68430.8454241072,-,Bokeo,1.0
75,2006-10,208.705,22.74,2.0,68430.8454241072,-,Bokeo,2.0
76,2006-11,7.115,22.04,0.0,68430.8454241072,-,Bokeo,0.0
77,2006-12,5.675,18.82,0.0,68430.8454241072,-,Bokeo,0.0
78,2007-01,8.651,18.66,0.0,70085.5249720982,-,Bokeo,0.0
79,2007-02,3.713,20.82,0.0,70085.5249720982,-,Bokeo,0.0
80,2007-03,8.402,24.95,0.0,70085.5249720982,-,Bokeo,0.0
81,2007-04,177.58,25.02,0.0,70085.5249720982,-,Bokeo,0.0
82,2007-05,267.721,24.07,0.0,70085.5249720982,-,Bokeo,0.0
83,2007-06,272.589,24.98,0.0,70085.5249720982,-,Bokeo,0.0
84,2007-07,366.557,23.98,0.0,70085.5249720982,-,Bokeo,0.0
85,2007-08,331.087,24.02,0.0,70085.5249720982,-,Bokeo,0.0
86,2007-09,374.246,23.32,1.0,70085.5249720982,-,Bokeo,1.0
87,2007-10,194.291,22.47,0.0,70085.5249720982,-,Bokeo,0.0
88,2007-11,35.41,19.5,0.0,70085.5249720982,-,Bokeo,0.0
89,2007-12,2.455,19.62,0.0,70085.5249720982,-,Bokeo,0.0
90,2008-01,70.205,19.26,1.0,71740.2045200893,-,Bokeo,1.0
91,2008-02,67.446,18.21,0.0,71740.2045200893,-,Bokeo,0.0
92,2008-03,29.776,22.83,0.0,71740.2045200893,-,Bokeo,0.0
93,2008-04,141.563,25.25,0.0,71740.2045200893,-,Bokeo,0.0
94,2008-05,215.308,23.87,12.0,71740.2045200893,-,Bokeo,12.0
95,2008-06,463.491,23.43,53.0,71740.2045200893,-,Bokeo,53.0
96,2008-07,680.659,22.92,2.0,71740.2045200893,-,Bokeo,2.0
97,2008-08,378.303,23.31,9.0,71740.2045200893,-,Bokeo,9.0
98,2008-09,218.725,23.78,33.0,71740.2045200893,-,Bokeo,33.0
99,2008-10,115.364,22.91,48.0,71740.2045200893,-,Bokeo,48.0
100,2008-11,72.968,19.16,55.0,71740.2045200893,-,Bokeo,55.0
101,2008-12,4.762,17.48,5.0,71740.2045200893,-,Bokeo,5.0
102,2009-01,1.513,17.95,1.0,73394.8840680804,-,Bokeo,1.0
103,2009-02,4.798,22.68,0.0,73394.8840680804,-,Bokeo,0.0
104,2009-03,39.794,24.6,1.0,73394.8840680804,-,Bokeo,1.0
105,2009-04,128.925,24.76,3.0,73394.8840680804,-,Bokeo,3.0
106,2009-05,316.104,24.65,74.0,73394.8840680804,-,Bokeo,74.0
107,2009-06,280.465,24.23,216.0,73394.8840680804,-,Bokeo,216.0
108,2009-07,403.528,24.07,212.0,73394.8840680804,-,Bokeo,212.0
109,2009-08,347.112,24.36,110.0,73394.8840680804,-,Bokeo,110.0
110,2009-09,269.034,24.05,52.0,73394.8840680804,-,Bokeo,52.0
111,2009-10,104.886,23.47,31.0,73394.8840680804,-,Bokeo,31.0
112,2009-11,9.278,20.71,5.0,73394.8840680804,-,Bokeo,5.0
113,2009-12,9.009,19.1,4.0,73394.8840680804,-,Bokeo,4.0
114,2010-01,37.965,20.04,1.0,75049.5636160714,-,Bokeo,1.0
115,2010-02,8.527,22.22,1.0,75049.5636160714,-,Bokeo,1.0
116,2010-03,23.591,24.59,2.0,75049.5636160714,-,Bokeo,2.0
117,2010-04,101.176,27.52,0.0,75049.5636160714,-,Bokeo,0.0
118,2010-05,106.366,27.23,1.0,75049.5636160714,-,Bokeo,1.0
119,2010-06,235.044,26.01,5.0,75049.5636160714,-,Bokeo,5.0
120,2010-07,512.741,24.6,9.0,75049.5636160714,-,Bokeo,9.0
121,2010-08,483.291,23.8,8.0,75049.5636160714,-,Bokeo,8.0
122,2010-09,282.196,23.74,27.0,75049.5636160714,-,Bokeo,27.0
123,2010-10,145.437,22.68,22.0,75049.5636160714,-,Bokeo,22.0
124,2010-11,6.601,20.44,18.0,75049.5636160714,-,Bokeo,18.0
125,2010-12,45.062,19.31,4.0,75049.5636160714,-,Bokeo,4.0
126,2011-01,29.189,18.16,1.0,76704.2431640625,-,Bokeo,1.0
127,2011-02,7.948,21.24,1.0,76704.2431640625,-,Bokeo,1.0
128,2011-03,95.081,21.08,1.0,76704.2431640625,-,Bokeo,1.0
129,2011-04,165.476,23.52,1.0,76704.2431640625,-,Bokeo,1.0
130,2011-05,309.719,23.51,3.0,76704.2431640625,-,Bokeo,3.0
131,2011-06,280.401,23.93,4.0,76704.2431640625,-,Bokeo,4.0
132,2011-07,395.965,24.14,6.0,76704.2431640625,-,Bokeo,6.0
133,2011-08,394.6,23.5,10.0,76704.2431640625,-,Bokeo,10.0
134,2011-09,346.165,23.28,8.0,76704.2431640625,-,Bokeo,8.0
135,2011-10,65.909,22.71,10.0,76704.2431640625,-,Bokeo,10.0
136,2011-11,11.921,20.2,6.0,76704.2431640625,-,Bokeo,6.0
137,2011-12,5.966,18.21,3.0,76704.2431640625,-,Bokeo,3.0
138,2012-01,48.604,18.88,2.0,78358.9227120536,-,Bokeo,2.0
139,2012-02,10.379,22.47,2.0,78358.9227120536,-,Bokeo,2.0
140,2012-03,45.608,24.01,1.0,78358.9227120536,-,Bokeo,1.0
141,2012-04,75.97,25.76,2.0,78358.9227120536,-,Bokeo,2.0
142,2012-05,372.717,24.78,5.0,78358.9227120536,-,Bokeo,5.0
143,2012-06,234.729,24.37,10.0,78358.9227120536,-,Bokeo,10.0
0,2000-07,482.027,24.04,4.0,608863.920200893,-,Champasak,4.0
1,2000-08,429.873,24.49,2.0,608863.920200893,-,Champasak,2.0
2,2000-09,277.778,24.02,2.0,608863.920200893,-,Champasak,2.0
3,2000-10,276.509,23.82,3.0,608863.920200893,-,Champasak,3.0
4,2000-11,47.808,22.84,1.0,608863.920200893,-,Champasak,1.0
5,2000-12,8.904,23.78,0.0,608863.920200893,-,Champasak,0.0
6,2001-01,8.155,25.19,0.0,618304.980189732,-,Champasak,0.0
7,2001-02,9.603,25.89,1.0,618304.980189732,-,Champasak,1.0
8,2001-03,124.326,26.62,0.0,618304.980189732,-,Champasak,0.0
9,2001-04,69.763,28.05,0.0,618304.980189732,-,Champasak,0.0
10,2001-05,282.801,25.86,,618304.980189732,-,Champasak,
11,2001-06,419.929,24.88,17.0,618304.980189732,-,Champasak,17.0
12,2001-07,331.018,24.69,9.0,618304.980189732,-,Champasak,9.0
13,2001-08,506.909,24.24,22.0,618304.980189732,-,Champasak,22.0
14,2001-09,260.01,24.54,23.0,618304.980189732,-,Champasak,23.0
15,2001-10,203.953,24.69,19.0,618304.980189732,-,Champasak,19.0
16,2001-11,31.068,22.46,3.0,618304.980189732,-,Champasak,3.0
17,2001-12,19.49,22.86,1.0,618304.980189732,-,Champasak,1.0
18,2002-01,1.455,23.3,3.0,627746.040178572,-,Champasak,3.0
19,2002-02,1.078,25.44,0.0,627746.040178572,-,Champasak,0.0
20,2002-03,77.372,27.41,1.0,627746.040178572,-,Champasak,1.0
21,2002-04,84.065,27.67,3.0,627746.040178572,-,Champasak,3.0
22,2002-05,226.111,26.61,,627746.040178572,-,Champasak,
23,2002-06,368.537,25.21,105.0,627746.040178572,-,Champasak,105.0
24,2002-07,448.998,25.06,226.0,627746.040178572,-,Champasak,226.0
25,2002-08,532.819,24.15,249.0,627746.040178572,-,Champasak,249.0
26,2002-09,488.351,23.68,216.0,627746.040178572,-,Champasak,216.0
27,2002-10,147.273,24.44,220.0,627746.040178572,-,Champasak,220.0
28,2002-11,48.49,24.39,21.0,627746.040178572,-,Champasak,21.0
29,2002-12,19.869,24.86,21.0,627746.040178572,-,Champasak,21.0
30,2003-01,0.509,22.87,23.0,637187.100167411,-,Champasak,23.0
31,2003-02,19.235,25.9,1.0,637187.100167411,-,Champasak,1.0
32,2003-03,86.527,27.03,12.0,637187.100167411,-,Champasak,12.0
33,2003-04,112.952,27.79,15.0,637187.100167411,-,Champasak,15.0
34,2003-05,359.26,26.29,,637187.100167411,-,Champasak,
35,2003-06,250.77,25.27,113.0,637187.100167411,-,Champasak,113.0
36,2003-07,291.439,24.99,139.0,637187.100167411,-,Champasak,139.0
37,2003-08,421.81,24.48,99.0,637187.100167411,-,Champasak,99.0
38,2003-09,411.508,23.85,92.0,637187.100167411,-,Champasak,92.0
39,2003-10,133.8,24.18,65.0,637187.100167411,-,Champasak,65.0
40,2003-11,17.557,24.27,34.0,637187.100167411,-,Champasak,34.0
41,2003-12,6.248,22.33,17.0,637187.100167411,-,Champasak,17.0
42,2004-01,17.259,23.69,6.0,646628.16015625,-,Champasak,6.0
43,2004-02,13.465,24.39,16.0,646628.16015625,-,Champasak,16.0
44,2004-03,62.311,27.01,23.0,646628.16015625,-,Champasak,23.0
45,2004-04,123.679,27.25,21.0,646628.16015625,-,Champasak,21.0
46,2004-05,315.386,26.46,,646628.16015625,-,Champasak,
47,2004-06,391.968,24.94,114.0,646628.16015625,-,Champasak,114.0
48,2004-07,361.946,24.53,34.0,646628.16015625,-,Champasak,34.0
49,2004-08,488.008,24.28,28.0,646628.16015625,-,Champasak,28.0
50,2004-09,252.055,24.44,20.0,646628.16015625,-,Champasak,20.0
51,2004-10,52.666,24.33,27.0,646628.16015625,-,Champasak,27.0
52,2004-11,16.143,24.96,23.0,646628.16015625,-,Champasak,23.0
53,2004-12,0.613,22.76,10.0,646628.16015625,-,Champasak,10.0
54,2005-01,0.543,23.12,7.0,656069.220145089,-,Champasak,7.0
55,2005-02,2.142,26.67,42.0,656069.220145089,-,Champasak,42.0
56,2005-03,36.68,26.4,105.0,656069.220145089,-,Champasak,105.0
57,2005-04,79.443,27.55,53.0,656069.220145089,-,Champasak,53.0
58,2005-05,199.678,26.64,,656069.220145089,-,Champasak,
59,2005-06,323.704,25.47,136.0,656069.220145089,-,Champasak,136.0
60,2005-07,444.102,24.45,160.0,656069.220145089,-,Champasak,160.0
61,2005-08,454.176,24.32,117.0,656069.220145089,-,Champasak,117.0
62,2005-09,341.433,24.35,54.0,656069.220145089,-,Champasak,54.0
63,2005-10,105.875,24.67,79.0,656069.220145089,-,Champasak,79.0
64,2005-11,76.626,24.02,56.0,656069.220145089,-,Champasak,56.0
65,2005-12,20.088,22.44,97.0,656069.220145089,-,Champasak,97.0
66,2006-01,1.891,23.76,25.0,665510.280133929,-,Champasak,25.0
67,2006-02,25.544,25.94,19.0,665510.280133929,-,Champasak,19.0
68,2006-03,71.569,26.88,28.0,665510.280133929,-,Champasak,28.0
69,2006-04,147.746,26.61,16.0,665510.280133929,-,Champasak,16.0
70,2006-05,202.993,25.97,,665510.280133929,-,Champasak,
71,2006-06,269.378,25.59,71.0,665510.280133929,-,Champasak,71.0
72,2006-07,561.727,24.3,126.0,665510.280133929,-,Champasak,126.0
73,2006-08,617.168,23.91,109.0,665510.280133929,-,Champasak,109.0
74,2006-09,336.589,24.19,66.0,665510.280133929,-,Champasak,66.0
75,2006-10,242.96,24.33,85.0,665510.280133929,-,Champasak,85.0
76,2006-11,17.124,25.32,90.0,665510.280133929,-,Champasak,90.0
77,2006-12,7.575,23.62,136.0,665510.280133929,-,Champasak,136.0
78,2007-01,3.327,23.87,54.0,674951.340122768,-,Champasak,54.0
79,2007-02,21.881,25.33,59.0,674951.340122768,-,Champasak,59.0
80,2007-03,96.758,26.64,55.0,674951.340122768,-,Champasak,55.0
81,2007-04,104.598,27.59,73.0,674951.340122768,-,Champasak,73.0
82,2007-05,301.213,25.32,,674951.340122768,-,Champasak,
83,2007-06,233.416,25.83,111.0,674951.340122768,-,Champasak,111.0
84,2007-07,407.214,24.76,194.0,674951.340122768,-,Champasak,194.0
85,2007-08,602.103,24.21,314.0,674951.340122768,-,Champasak,314.0
86,2007-09,282.032,24.72,218.0,674951.340122768,-,Champasak,218.0
87,2007-10,298.788,23.65,94.0,674951.340122768,-,Champasak,94.0
88,2007-11,145.953,21.6,80.0,674951.340122768,-,Champasak,80.0
89,2007-12,3.387,23.55,64.0,674951.340122768,-,Champasak,64.0
90,2008-01,15.02,23.3,73.0,684392.400111607,-,Champasak,73.0
91,2008-02,22.942,23.25,90.0,684392.400111607,-,Champasak,90.0
92,2008-03,73.042,25.89,92.0,684392.400111607,-,Champasak,92.0
93,2008-04,92.001,27.11,69.0,684392.400111607,-,Champasak,69.0
94,2008-05,379.667,24.58,,684392.400111607,-,Champasak,
95,2008-06,231.593,24.95,295.0,684392.400111607,-,Champasak,295.0
96,2008-07,286.192,24.8,162.0,684392.400111607,-,Champasak,162.0
97,2008-08,352.066,24.44,143.0,684392.400111607,-,Champasak,143.0
98,2008-09,377.329,24.14,185.0,684392.400111607,-,Champasak,185.0
99,2008-10,244.62,24.49,140.0,684392.400111607,-,Champasak,140.0
100,2008-11,93.745,22.94,102.0,684392.400111607,-,Champasak,102.0
101,2008-12,14.691,22.01,73.0,684392.400111607,-,Champasak,73.0
102,2009-01,1.466,21.33,31.0,693833.460100447,-,Champasak,31.0
103,2009-02,18.057,25.81,48.0,693833.460100447,-,Champasak,48.0
104,2009-03,102.277,26.22,60.0,693833.460100447,-,Champasak,60.0
105,2009-04,220.039,26.07,102.0,693833.460100447,-,Champasak,102.0
106,2009-05,261.588,25.17,,693833.460100447,-,Champasak,
107,2009-06,298.142,25.09,124.0,693833.460100447,-,Champasak,124.0
108,2009-07,520.042,24.61,122.0,693833.460100447,-,Champasak,122.0
109,2009-08,333.951,25.03,110.0,693833.460100447,-,Champasak,110.0
110,2009-09,572.959,24.13,105.0,693833.460100447,-,Champasak,105.0
111,2009-10,171.34,24.19,59.0,693833.460100447,-,Champasak,59.0
112,2009-11,31.891,23.77,35.0,693833.460100447,-,Champasak,35.0
113,2009-12,2.173,23.76,32.0,693833.460100447,-,Champasak,32.0
114,2010-01,24.297,24.31,20.0,703274.520089286,-,Champasak,20.0
115,2010-02,21.061,26.46,39.0,703274.520089286,-,Champasak,39.0
116,2010-03,14.964,27.53,34.0,703274.520089286,-,Champasak,34.0
117,2010-04,107.087,28.51,69.0,703274.520089286,-,Champasak,69.0
118,2010-05,200.99,27.46,,703274.520089286,-,Champasak,
119,2010-06,239.396,26.1,195.0,703274.520089286,-,Champasak,195.0
120,2010-07,307.349,25.45,635.0,703274.520089286,-,Champasak,635.0
121,2010-08,404.387,24.57,601.0,703274.520089286,-,Champasak,601.0
122,2010-09,312.908,24.77,817.0,703274.520089286,-,Champasak,817.0
123,2010-10,285.037,23.87,339.0,703274.520089286,-,Champasak,339.0
124,2010-11,120.57,22.78,136.0,703274.520089286,-,Champasak,136.0
125,2010-12,6.609,23.08,29.0,703274.520089286,-,Champasak,29.0
126,2011-01,0.609,22.33,12.0,712715.580078125,-,Champasak,12.0
127,2011-02,14.963,24.86,9.0,712715.580078125,-,Champasak,9.0
128,2011-03,19.175,25.73,14.0,712715.580078125,-,Champasak,14.0
129,2011-04,125.065,27.08,16.0,712715.580078125,-,Champasak,16.0
130,2011-05,298.116,25.56,36.0,712715.580078125,-,Champasak,36.0
131,2011-06,432.886,24.75,47.0,712715.580078125,-,Champasak,47.0
132,2011-07,370.684,24.43,61.0,712715.580078125,-,Champasak,61.0
133,2011-08,446.769,24.33,105.0,712715.580078125,-,Champasak,105.0
134,2011-09,486.528,23.43,87.0,712715.580078125,-,Champasak,87.0
135,2011-10,247.277,23.78,109.0,712715.580078125,-,Champasak,109.0
136,2011-11,71.003,23.74,64.0,712715.580078125,-,Champasak,64.0
137,2011-12,6.733,22.16,30.0,712715.580078125,-,Champasak,30.0
138,2012-01,28.001,24.33,27.0,722156.640066964,-,Champasak,27.0
139,2012-02,13.428,26.2,19.0,722156.640066964,-,Champasak,19.0
140,2012-03,62.001,27.06,16.0,722156.640066964,-,Champasak,16.0
141,2012-04,151.764,26.51,25.0,722156.640066964,-,Champasak,25.0
142,2012-05,254.715,25.88,50.0,722156.640066964,-,Champasak,50.0
143,2012-06,376.038,24.89,111.0,722156.640066964,-,Champasak,111.0
0,2000-07,352.108,22.69,0.0,87007.1857561384,-,LouangNamtha,0.0
1,2000-08,267.238,22.95,2.0,87007.1857561384,-,LouangNamtha,2.0
2,2000-09,219.034,21.75,0.0,87007.1857561384,-,LouangNamtha,0.0
3,2000-10,104.086,21.32,0.0,87007.1857561384,-,LouangNamtha,0.0
4,2000-11,17.255,19.07,0.0,87007.1857561384,-,LouangNamtha,0.0
5,2000-12,31.345,17.69,0.0,87007.1857561384,-,LouangNamtha,0.0
6,2001-01,21.61,18.22,0.0,89883.2309919085,-,LouangNamtha,0.0
7,2001-02,13.105,20.14,0.0,89883.2309919085,-,LouangNamtha,0.0
8,2001-03,122.073,21.05,0.0,89883.2309919085,-,LouangNamtha,0.0
9,2001-04,54.919,25.58,0.0,89883.2309919085,-,LouangNamtha,0.0
10,2001-05,355.567,21.92,0.0,89883.2309919085,-,LouangNamtha,0.0
11,2001-06,249.654,23.25,0.0,89883.2309919085,-,LouangNamtha,0.0
12,2001-07,337.49,22.48,0.0,89883.2309919085,-,LouangNamtha,0.0
13,2001-08,291.67,23.35,0.0,89883.2309919085,-,LouangNamtha,0.0
14,2001-09,210.177,22.61,0.0,89883.2309919085,-,LouangNamtha,0.0
15,2001-10,152.787,21.29,0.0,89883.2309919085,-,LouangNamtha,0.0
16,2001-11,27.215,17.34,0.0,89883.2309919085,-,LouangNamtha,0.0
17,2001-12,13.869,17.31,0.0,89883.2309919085,-,LouangNamtha,0.0
18,2002-01,42.193,16.67,0.0,92759.2762276786,-,LouangNamtha,0.0
19,2002-02,33.98,19.76,0.0,92759.2762276786,-,LouangNamtha,0.0
20,2002-03,42.77,21.85,0.0,92759.2762276786,-,LouangNamtha,0.0
21,2002-04,53.026,24.42,0.0,92759.2762276786,-,LouangNamtha,0.0
22,2002-05,335.68,23.06,0.0,92759.2762276786,-,LouangNamtha,0.0
23,2002-06,225.733,23.38,0.0,92759.2762276786,-,LouangNamtha,0.0
24,2002-07,455.658,22.26,1.0,92759.2762276786,-,LouangNamtha,1.0
25,2002-08,294.837,22.52,0.0,92759.2762276786,-,LouangNamtha,0.0
26,2002-09,135.864,22.78,0.0,92759.2762276786,-,LouangNamtha,0.0
27,2002-10,136.499,21.02,0.0,92759.2762276786,-,LouangNamtha,0.0
28,2002-11,92.985,18.21,0.0,92759.2762276786,-,LouangNamtha,0.0
29,2002-12,61.691,16.91,0.0,92759.2762276786,-,LouangNamtha,0.0
30,2003-01,96.883,16.14,0.0,95635.3214634487,-,LouangNamtha,0.0
31,2003-02,34.66,18.73,0.0,95635.3214634487,-,LouangNamtha,0.0
32,2003-03,103.549,20.72,0.0,95635.3214634487,-,LouangNamtha,0.0
33,2003-04,51.314,24.81,0.0,95635.3214634487,-,LouangNamtha,0.0
34,2003-05,137.636,24.64,0.0,95635.3214634487,-,LouangNamtha,0.0
35,2003-06,258.045,23.23,0.0,95635.3214634487,-,LouangNamtha,0.0
36,2003-07,227.484,23.6,0.0,95635.3214634487,-,LouangNamtha,0.0
37,2003-08,305.541,23.32,0.0,95635.3214634487,-,LouangNamtha,0.0
38,2003-09,220.492,22.72,0.0,95635.3214634487,-,LouangNamtha,0.0
39,2003-10,76.11,21.99,2.0,95635.3214634487,-,LouangNamtha,2.0
40,2003-11,8.964,19.83,1.0,95635.3214634487,-,LouangNamtha,1.0
41,2003-12,8.321,17.14,0.0,95635.3214634487,-,LouangNamtha,0.0
42,2004-01,23.758,17.28,0.0,98511.3666992187,-,LouangNamtha,0.0
43,2004-02,22.219,18.5,0.0,98511.3666992187,-,LouangNamtha,0.0
44,2004-03,21.741,23.69,2.0,98511.3666992187,-,LouangNamtha,2.0
45,2004-04,220.877,22.97,0.0,98511.3666992187,-,LouangNamtha,0.0
46,2004-05,357.708,22.73,0.0,98511.3666992187,-,LouangNamtha,0.0
47,2004-06,210.754,23.21,0.0,98511.3666992187,-,LouangNamtha,0.0
48,2004-07,293.851,22.66,0.0,98511.3666992187,-,LouangNamtha,0.0
49,2004-08,283.622,22.9,0.0,98511.3666992187,-,LouangNamtha,0.0
50,2004-09,270.759,21.81,0.0,98511.3666992187,-,LouangNamtha,0.0
51,2004-10,94.26,20.72,0.0,98511.3666992187,-,LouangNamtha,0.0
52,2004-11,39.777,18.96,0.0,98511.3666992187,-,LouangNamtha,0.0
53,2004-12,1.073,15.79,0.0,98511.3666992187,-,LouangNamtha,0.0
54,2005-01,16.505,17.27,0.0,101387.411934989,-,LouangNamtha,0.0
55,2005-02,1.776,22.02,0.0,101387.411934989,-,LouangNamtha,0.0
56,2005-03,106.789,20.85,0.0,101387.411934989,-,LouangNamtha,0.0
57,2005-04,74.205,23.62,0.0,101387.411934989,-,LouangNamtha,0.0
58,2005-05,131.029,25.14,0.0,101387.411934989,-,LouangNamtha,0.0
59,2005-06,263.336,23.59,0.0,101387.411934989,-,LouangNamtha,0.0
60,2005-07,334.892,23.49,1.0,101387.411934989,-,LouangNamtha,1.0
61,2005-08,372.023,22.54,0.0,101387.411934989,-,LouangNamtha,0.0
62,2005-09,236.174,22.79,0.0,101387.411934989,-,LouangNamtha,0.0
63,2005-10,102.998,21.53,0.0,101387.411934989,-,LouangNamtha,0.0
64,2005-11,48.544,19.33,0.0,101387.411934989,-,LouangNamtha,0.0
65,2005-12,46.068,15.56,0.0,101387.411934989,-,LouangNamtha,0.0
66,2006-01,0.944,17.45,0.0,104263.457170759,-,LouangNamtha,0.0
67,2006-02,17.059,20.06,0.0,104263.457170759,-,LouangNamtha,0.0
68,2006-03,19.749,23.53,0.0,104263.457170759,-,LouangNamtha,0.0
69,2006-04,116.859,23.93,0.0,104263.457170759,-,LouangNamtha,0.0
70,2006-05,203.084,22.68,0.0,104263.457170759,-,LouangNamtha,0.0
71,2006-06,166.936,24.07,0.0,104263.457170759,-,LouangNamtha,0.0
72,2006-07,345.977,23.02,0.0,104263.457170759,-,LouangNamtha,0.0
73,2006-08,434.201,22.76,0.0,104263.457170759,-,LouangNamtha,0.0
74,2006-09,167.676,22.44,0.0,104263.457170759,-,LouangNamtha,0.0
75,2006-10,153.801,21.54,1.0,104263.457170759,-,LouangNamtha,1.0
76,2006-11,15.691,20.4,0.0,104263.457170759,-,LouangNamtha,0.0
77,2006-12,10.283,17.15,0.0,104263.457170759,-,LouangNamtha,0.0
78,2007-01,12.415,17.08,0.0,107139.502406529,-,LouangNamtha,0.0
79,2007-02,5.889,19.51,0.0,107139.502406529,-,LouangNamtha,0.0
80,2007-03,7.924,23.67,0.0,107139.502406529,-,LouangNamtha,0.0
81,2007-04,178.269,23.23,0.0,107139.502406529,-,LouangNamtha,0.0
82,2007-05,246.668,23.12,0.0,107139.502406529,-,LouangNamtha,0.0
83,2007-06,196.312,24.24,0.0,107139.502406529,-,LouangNamtha,0.0
84,2007-07,264.446,23.29,0.0,107139.502406529,-,LouangNamtha,0.0
85,2007-08,257.883,23.32,0.0,107139.502406529,-,LouangNamtha,0.0
86,2007-09,314.216,22.31,0.0,107139.502406529,-,LouangNamtha,0.0
87,2007-10,159.139,21.24,0.0,107139.502406529,-,LouangNamtha,0.0
88,2007-11,44.818,17.99,0.0,107139.502406529,-,LouangNamtha,0.0
89,2007-12,4.577,18.32,0.0,107139.502406529,-,LouangNamtha,0.0
90,2008-01,63.286,17.9,0.0,110015.547642299,-,LouangNamtha,0.0
91,2008-02,77.442,15.96,0.0,110015.547642299,-,LouangNamtha,0.0
92,2008-03,42.844,20.95,0.0,110015.547642299,-,LouangNamtha,0.0
93,2008-04,120.066,23.93,0.0,110015.547642299,-,LouangNamtha,0.0
94,2008-05,199.206,23.03,0.0,110015.547642299,-,LouangNamtha,0.0
95,2008-06,309.501,22.66,0.0,110015.547642299,-,LouangNamtha,0.0
96,2008-07,502.047,22.13,0.0,110015.547642299,-,LouangNamtha,0.0
97,2008-08,331.556,22.61,0.0,110015.547642299,-,LouangNamtha,0.0
98,2008-09,202.713,22.88,0.0,110015.547642299,-,LouangNamtha,0.0
99,2008-10,121.862,21.72,0.0,110015.547642299,-,LouangNamtha,0.0
100,2008-11,117.604,17.8,0.0,110015.547642299,-,LouangNamtha,0.0
101,2008-12,5.17,16.05,0.0,110015.547642299,-,LouangNamtha,0.0
102,2009-01,2.144,16.45,0.0,112891.592878069,-,LouangNamtha,0.0
103,2009-02,5.842,21.54,0.0,112891.592878069,-,LouangNamtha,0.0
104,2009-03,34.078,23.14,0.0,112891.592878069,-,LouangNamtha,0.0
105,2009-04,121.851,23.45,1.0,112891.592878069,-,LouangNamtha,1.0
106,2009-05,262.988,23.54,0.0,112891.592878069,-,LouangNamtha,0.0
107,2009-06,229.376,23.43,2.0,112891.592878069,-,LouangNamtha,2.0
108,2009-07,376.081,23.26,1.0,112891.592878069,-,LouangNamtha,1.0
109,2009-08,324.354,23.34,0.0,112891.592878069,-,LouangNamtha,0.0
110,2009-09,213.411,23.01,4.0,112891.592878069,-,LouangNamtha,4.0
111,2009-10,93.777,22.35,5.0,112891.592878069,-,LouangNamtha,5.0
112,2009-11,6.984,19.25,6.0,112891.592878069,-,LouangNamtha,6.0
113,2009-12,9.921,17.78,4.0,112891.592878069,-,LouangNamtha,4.0
114,2010-01,40.329,18.5,0.0,115767.638113839,-,LouangNamtha,0.0
115,2010-02,24.677,20.55,2.0,115767.638113839,-,LouangNamtha,2.0
116,2010-03,30.57,22.66,4.0,115767.638113839,-,LouangNamtha,4.0
117,2010-04,113.501,25.67,6.0,115767.638113839,-,LouangNamtha,6.0
118,2010-05,98.815,26.06,7.0,115767.638113839,-,LouangNamtha,7.0
119,2010-06,206.849,24.91,1.0,115767.638113839,-,LouangNamtha,1.0
120,2010-07,344.502,23.86,4.0,115767.638113839,-,LouangNamtha,4.0
121,2010-08,345.127,23.2,22.0,115767.638113839,-,LouangNamtha,22.0
122,2010-09,263.963,22.96,44.0,115767.638113839,-,LouangNamtha,44.0
123,2010-10,116.338,21.43,29.0,115767.638113839,-,LouangNamtha,29.0
124,2010-11,11.956,19.08,13.0,115767.638113839,-,LouangNamtha,13.0
125,2010-12,33.975,17.89,2.0,115767.638113839,-,LouangNamtha,2.0
126,2011-01,28.988,16.25,0.0,118643.683349609,-,LouangNamtha,0.0
127,2011-02,10.28,19.8,0.0,118643.683349609,-,LouangNamtha,0.0
128,2011-03,89.388,19.4,0.0,118643.683349609,-,LouangNamtha,0.0
129,2011-04,148.211,22.18,0.0,118643.683349609,-,LouangNamtha,0.0
130,2011-05,223.545,22.75,1.0,118643.683349609,-,LouangNamtha,1.0
131,2011-06,232.304,23.49,1.0,118643.683349609,-,LouangNamtha,1.0
132,2011-07,324.965,23.45,1.0,118643.683349609,-,LouangNamtha,1.0
133,2011-08,327.686,22.82,1.0,118643.683349609,-,LouangNamtha,1.0
134,2011-09,274.547,22.41,1.0,118643.683349609,-,LouangNamtha,1.0
135,2011-10,64.662,21.48,2.0,118643.683349609,-,LouangNamtha,2.0
136,2011-11,16.832,18.75,1.0,118643.683349609,-,LouangNamtha,1.0
137,2011-12,8.674,16.29,0.0,118643.683349609,-,LouangNamtha,0.0
138,2012-01,52.964,17.23,0.0,121519.728585379,-,LouangNamtha,0.0
139,2012-02,11.725,20.81,0.0,121519.728585379,-,LouangNamtha,0.0
140,2012-03,37.935,22.58,0.0,121519.728585379,-,LouangNamtha,0.0
141,2012-04,63.212,24.61,0.0,121519.728585379,-,LouangNamtha,0.0
142,2012-05,295.445,24.03,1.0,121519.728585379,-,LouangNamtha,1.0
143,2012-06,201.775,23.68,2.0,121519.728585379,-,LouangNamtha,2.0
0,2000-07,365.964,22.7,0.0,277931.293805804,-,Oudomxai,0.0
1,2000-08,297.268,22.92,0.0,277931.293805804,-,Oudomxai,0.0
2,2000-09,200.528,21.72,0.0,277931.293805804,-,Oudomxai,0.0
3,2000-10,90.142,21.23,0.0,277931.293805804,-,Oudomxai,0.0
4,2000-11,14.764,19.04,0.0,277931.293805804,-,Oudomxai,0.0
5,2000-12,29.886,17.8,0.0,277931.293805804,-,Oudomxai,0.0
6,2001-01,20.1,18.66,0.0,278296.777483259,-,Oudomxai,0.0
7,2001-02,7.049,20.36,0.0,278296.777483259,-,Oudomxai,0.0
8,2001-03,118.603,20.87,0.0,278296.777483259,-,Oudomxai,0.0
9,2001-04,50.079,25.51,0.0,278296.777483259,-,Oudomxai,0.0
10,2001-05,373.6,21.96,0.0,278296.777483259,-,Oudomxai,0.0
11,2001-06,210.354,23.34,0.0,278296.777483259,-,Oudomxai,0.0
12,2001-07,388.062,22.37,0.0,278296.777483259,-,Oudomxai,0.0
13,2001-08,321.23,23.27,0.0,278296.777483259,-,Oudomxai,0.0
14,2001-09,222.607,22.59,1.0,278296.777483259,-,Oudomxai,1.0
15,2001-10,117.847,21.48,0.0,278296.777483259,-,Oudomxai,0.0
16,2001-11,15.352,17.52,1.0,278296.777483259,-,Oudomxai,1.0
17,2001-12,12.877,17.67,0.0,278296.777483259,-,Oudomxai,0.0
18,2002-01,36.637,16.85,0.0,278662.261160714,-,Oudomxai,0.0
19,2002-02,23.589,20.21,0.0,278662.261160714,-,Oudomxai,0.0
20,2002-03,31.292,22.49,0.0,278662.261160714,-,Oudomxai,0.0
21,2002-04,54.815,24.77,0.0,278662.261160714,-,Oudomxai,0.0
22,2002-05,395.486,23.06,0.0,278662.261160714,-,Oudomxai,0.0
23,2002-06,288.899,23.26,0.0,278662.261160714,-,Oudomxai,0.0
24,2002-07,540.72,22.19,0.0,278662.261160714,-,Oudomxai,0.0
25,2002-08,344.378,22.4,0.0,278662.261160714,-,Oudomxai,0.0
26,2002-09,148.688,22.57,0.0,278662.261160714,-,Oudomxai,0.0
27,2002-10,127.72,20.94,0.0,278662.261160714,-,Oudomxai,0.0
28,2002-11,74.413,18.31,0.0,278662.261160714,-,Oudomxai,0.0
29,2002-12,62.491,17.15,0.0,278662.261160714,-,Oudomxai,0.0
30,2003-01,58.228,16.1,0.0,279027.74483817,-,Oudomxai,0.0
31,2003-02,30.102,19.16,0.0,279027.74483817,-,Oudomxai,0.0
32,2003-03,99.359,20.93,0.0,279027.74483817,-,Oudomxai,0.0
33,2003-04,70.883,24.83,0.0,279027.74483817,-,Oudomxai,0.0
34,2003-05,152.24,24.82,0.0,279027.74483817,-,Oudomxai,0.0
35,2003-06,243.189,23.48,0.0,279027.74483817,-,Oudomxai,0.0
36,2003-07,251.11,23.74,0.0,279027.74483817,-,Oudomxai,0.0
37,2003-08,280.107,23.31,0.0,279027.74483817,-,Oudomxai,0.0
38,2003-09,220.909,22.67,0.0,279027.74483817,-,Oudomxai,0.0
39,2003-10,42.942,22.17,1.0,279027.74483817,-,Oudomxai,1.0
40,2003-11,5.967,20.25,0.0,279027.74483817,-,Oudomxai,0.0
41,2003-12,5.834,17.07,0.0,279027.74483817,-,Oudomxai,0.0
42,2004-01,27.316,17.45,0.0,279393.228515625,-,Oudomxai,0.0
43,2004-02,16.022,18.63,0.0,279393.228515625,-,Oudomxai,0.0
44,2004-03,29.576,23.56,0.0,279393.228515625,-,Oudomxai,0.0
45,2004-04,225.576,22.79,0.0,279393.228515625,-,Oudomxai,0.0
46,2004-05,378.596,22.76,0.0,279393.228515625,-,Oudomxai,0.0
47,2004-06,202.737,23.3,0.0,279393.228515625,-,Oudomxai,0.0
48,2004-07,312.192,22.61,0.0,279393.228515625,-,Oudomxai,0.0
49,2004-08,283.308,22.87,0.0,279393.228515625,-,Oudomxai,0.0
50,2004-09,218.288,21.99,0.0,279393.228515625,-,Oudomxai,0.0
51,2004-10,64.651,20.88,0.0,279393.228515625,-,Oudomxai,0.0
52,2004-11,37.777,19.21,0.0,279393.228515625,-,Oudomxai,0.0
53,2004-12,0.615,16.05,0.0,279393.228515625,-,Oudomxai,0.0
54,2005-01,14.737,17.48,0.0,279758.71219308,-,Oudomxai,0.0
55,2005-02,7.35,22.16,0.0,279758.71219308,-,Oudomxai,0.0
56,2005-03,78.713,21.04,0.0,279758.71219308,-,Oudomxai,0.0
57,2005-04,76.579,23.81,0.0,279758.71219308,-,Oudomxai,0.0
58,2005-05,145.041,25.03,0.0,279758.71219308,-,Oudomxai,0.0
59,2005-06,265.41,23.6,0.0,279758.71219308,-,Oudomxai,0.0
60,2005-07,318.122,23.51,0.0,279758.71219308,-,Oudomxai,0.0
61,2005-08,436.375,22.46,0.0,279758.71219308,-,Oudomxai,0.0
62,2005-09,248.072,22.79,0.0,279758.71219308,-,Oudomxai,0.0
63,2005-10,59.935,21.62,0.0,279758.71219308,-,Oudomxai,0.0
64,2005-11,43.288,19.64,0.0,279758.71219308,-,Oudomxai,0.0
65,2005-12,24.614,15.9,0.0,279758.71219308,-,Oudomxai,0.0
66,2006-01,0.413,17.9,0.0,280124.195870536,-,Oudomxai,0.0
67,2006-02,24.069,20.17,0.0,280124.195870536,-,Oudomxai,0.0
68,2006-03,34.1,23.33,0.0,280124.195870536,-,Oudomxai,0.0
69,2006-04,124.339,23.73,0.0,280124.195870536,-,Oudomxai,0.0
70,2006-05,182.214,22.78,0.0,280124.195870536,-,Oudomxai,0.0
71,2006-06,169.626,24.2,1.0,280124.195870536,-,Oudomxai,1.0
72,2006-07,339.836,22.99,1.0,280124.195870536,-,Oudomxai,1.0
73,2006-08,439.297,22.63,1.0,280124.195870536,-,Oudomxai,1.0
74,2006-09,152.212,22.38,1.0,280124.195870536,-,Oudomxai,1.0
75,2006-10,131.47,21.54,3.0,280124.195870536,-,Oudomxai,3.0
76,2006-11,10.552,20.66,0.0,280124.195870536,-,Oudomxai,0.0
77,2006-12,5.941,17.26,0.0,280124.195870536,-,Oudomxai,0.0
78,2007-01,8.458,17.24,0.0,280489.679547991,-,Oudomxai,0.0
79,2007-02,15.96,19.99,0.0,280489.679547991,-,Oudomxai,0.0
80,2007-03,11.461,23.62,0.0,280489.679547991,-,Oudomxai,0.0
81,2007-04,162.912,23.2,0.0,280489.679547991,-,Oudomxai,0.0
82,2007-05,244.957,23.17,1.0,280489.679547991,-,Oudomxai,1.0
83,2007-06,206.974,24.36,0.0,280489.679547991,-,Oudomxai,0.0
84,2007-07,233.544,23.6,1.0,280489.679547991,-,Oudomxai,1.0
85,2007-08,261.321,23.42,0.0,280489.679547991,-,Oudomxai,0.0
86,2007-09,284.103,22.3,0.0,280489.679547991,-,Oudomxai,0.0
87,2007-10,165.194,21.15,0.0,280489.679547991,-,Oudomxai,0.0
88,2007-11,21.638,18.04,0.0,280489.679547991,-,Oudomxai,0.0
89,2007-12,7.741,18.52,0.0,280489.679547991,-,Oudomxai,0.0
90,2008-01,65.463,17.81,0.0,280855.163225446,-,Oudomxai,0.0
91,2008-02,58.572,15.67,0.0,280855.163225446,-,Oudomxai,0.0
92,2008-03,46.961,21.06,0.0,280855.163225446,-,Oudomxai,0.0
93,2008-04,124.544,23.8,0.0,280855.163225446,-,Oudomxai,0.0
94,2008-05,212.192,23.11,0.0,280855.163225446,-,Oudomxai,0.0
95,2008-06,322.674,22.73,0.0,280855.163225446,-,Oudomxai,0.0
96,2008-07,474.605,22.19,0.0,280855.163225446,-,Oudomxai,0.0
97,2008-08,341.701,22.69,0.0,280855.163225446,-,Oudomxai,0.0
98,2008-09,211.89,22.78,0.0,280855.163225446,-,Oudomxai,0.0
99,2008-10,115.221,21.64,0.0,280855.163225446,-,Oudomxai,0.0
100,2008-11,92.047,17.63,0.0,280855.163225446,-,Oudomxai,0.0
101,2008-12,9.712,15.9,0.0,280855.163225446,-,Oudomxai,0.0
102,2009-01,1.147,16.11,0.0,281220.646902902,-,Oudomxai,0.0
103,2009-02,5.292,21.81,0.0,281220.646902902,-,Oudomxai,0.0
104,2009-03,48.627,23.23,0.0,281220.646902902,-,Oudomxai,0.0
105,2009-04,104.049,23.59,0.0,281220.646902902,-,Oudomxai,0.0
106,2009-05,208.888,23.68,0.0,281220.646902902,-,Oudomxai,0.0
107,2009-06,223.429,23.67,0.0,281220.646902902,-,Oudomxai,0.0
108,2009-07,389.543,23.29,0.0,281220.646902902,-,Oudomxai,0.0
109,2009-08,273.939,23.47,1.0,281220.646902902,-,Oudomxai,1.0
110,2009-09,205.145,23.06,15.0,281220.646902902,-,Oudomxai,15.0
111,2009-10,84.196,22.28,6.0,281220.646902902,-,Oudomxai,6.0
112,2009-11,7.432,19.36,13.0,281220.646902902,-,Oudomxai,13.0
113,2009-12,8.101,17.95,18.0,281220.646902902,-,Oudomxai,18.0
114,2010-01,25.808,18.5,1.0,281586.130580357,-,Oudomxai,1.0
115,2010-02,13.759,21.18,0.0,281586.130580357,-,Oudomxai,0.0
116,2010-03,25.788,22.82,0.0,281586.130580357,-,Oudomxai,0.0
117,2010-04,105.543,25.88,0.0,281586.130580357,-,Oudomxai,0.0
118,2010-05,117.205,25.96,0.0,281586.130580357,-,Oudomxai,0.0
119,2010-06,177.754,25.07,11.0,281586.130580357,-,Oudomxai,11.0
120,2010-07,346.44,24.04,118.0,281586.130580357,-,Oudomxai,118.0
121,2010-08,362.425,23.17,67.0,281586.130580357,-,Oudomxai,67.0
122,2010-09,234.838,22.93,195.0,281586.130580357,-,Oudomxai,195.0
123,2010-10,86.95,21.33,244.0,281586.130580357,-,Oudomxai,244.0
124,2010-11,9.601,19.13,169.0,281586.130580357,-,Oudomxai,169.0
125,2010-12,35.56,17.89,36.0,281586.130580357,-,Oudomxai,36.0
126,2011-01,14.964,15.92,1.0,281951.614257813,-,Oudomxai,1.0
127,2011-02,13.739,19.93,1.0,281951.614257813,-,Oudomxai,1.0
128,2011-03,100.151,19.2,1.0,281951.614257813,-,Oudomxai,1.0
129,2011-04,137.344,22.26,1.0,281951.614257813,-,Oudomxai,1.0
130,2011-05,244.18,22.75,3.0,281951.614257813,-,Oudomxai,3.0
131,2011-06,294.722,23.44,4.0,281951.614257813,-,Oudomxai,4.0
132,2011-07,339.805,23.33,5.0,281951.614257813,-,Oudomxai,5.0
133,2011-08,315.886,22.82,8.0,281951.614257813,-,Oudomxai,8.0
134,2011-09,287.762,22.32,7.0,281951.614257813,-,Oudomxai,7.0
135,2011-10,50.217,21.54,8.0,281951.614257813,-,Oudomxai,8.0
136,2011-11,11.382,19.17,5.0,281951.614257813,-,Oudomxai,5.0
137,2011-12,8.324,16.26,2.0,281951.614257813,-,Oudomxai,2.0
138,2012-01,47.364,17.39,2.0,282317.097935268,-,Oudomxai,2.0
139,2012-02,9.599,21.09,1.0,282317.097935268,-,Oudomxai,1.0
140,2012-03,26.024,22.83,1.0,282317.097935268,-,Oudomxai,1.0
141,2012-04,97.555,24.57,2.0,282317.097935268,-,Oudomxai,2.0
142,2012-05,306.624,23.92,4.0,282317.097935268,-,Oudomxai,4.0
143,2012-06,207.23,23.7,9.0,282317.097935268,-,Oudomxai,9.0
0,2000-07,328.509,24.85,2.0,598608.007114955,-,Savannakhet,2.0
1,2000-08,421.103,25.21,0.0,598608.007114955,-,Savannakhet,0.0
2,2000-09,321.934,24.3,1.0,598608.007114955,-,Savannakhet,1.0
3,2000-10,84.471,24.16,3.0,598608.007114955,-,Savannakhet,3.0
4,2000-11,21.406,21.9,0.0,598608.007114955,-,Savannakhet,0.0
5,2000-12,13.301,21.59,0.0,598608.007114955,-,Savannakhet,0.0
6,2001-01,8.414,22.65,0.0,607323.840053013,-,Savannakhet,0.0
7,2001-02,10.71,22.4,0.0,607323.840053013,-,Savannakhet,0.0
8,2001-03,94.544,24.7,0.0,607323.840053013,-,Savannakhet,0.0
9,2001-04,48.108,28.2,0.0,607323.840053013,-,Savannakhet,0.0
10,2001-05,240.604,25.73,1.0,607323.840053013,-,Savannakhet,1.0
11,2001-06,256.016,25.51,6.0,607323.840053013,-,Savannakhet,6.0
12,2001-07,264.375,25.45,35.0,607323.840053013,-,Savannakhet,35.0
13,2001-08,412.119,24.93,30.0,607323.840053013,-,Savannakhet,30.0
14,2001-09,322.316,24.88,17.0,607323.840053013,-,Savannakhet,17.0
15,2001-10,113.469,24.99,8.0,607323.840053013,-,Savannakhet,8.0
16,2001-11,42.733,21.64,1.0,607323.840053013,-,Savannakhet,1.0
17,2001-12,32.353,20.42,1.0,607323.840053013,-,Savannakhet,1.0
18,2002-01,3.683,21.03,2.0,616039.672991072,-,Savannakhet,2.0
19,2002-02,2.511,23.31,0.0,616039.672991072,-,Savannakhet,0.0
20,2002-03,71.331,25.79,0.0,616039.672991072,-,Savannakhet,0.0
21,2002-04,67.9,27.42,6.0,616039.672991072,-,Savannakhet,6.0
22,2002-05,247.705,26.21,65.0,616039.672991072,-,Savannakhet,65.0
23,2002-06,310.281,25.79,488.0,616039.672991072,-,Savannakhet,488.0
24,2002-07,465.87,25.41,717.0,616039.672991072,-,Savannakhet,717.0
25,2002-08,416.247,24.79,555.0,616039.672991072,-,Savannakhet,555.0
26,2002-09,294.858,24.24,274.0,616039.672991072,-,Savannakhet,274.0
27,2002-10,82.77,24.37,208.0,616039.672991072,-,Savannakhet,208.0
28,2002-11,20.18,23.14,60.0,616039.672991072,-,Savannakhet,60.0
29,2002-12,11.13,22.68,81.0,616039.672991072,-,Savannakhet,81.0
30,2003-01,3.201,20.09,27.0,624755.50592913,-,Savannakhet,27.0
31,2003-02,31.357,24.01,8.0,624755.50592913,-,Savannakhet,8.0
32,2003-03,53.986,24.82,23.0,624755.50592913,-,Savannakhet,23.0
33,2003-04,84.399,27.54,67.0,624755.50592913,-,Savannakhet,67.0
34,2003-05,223.39,27.36,416.0,624755.50592913,-,Savannakhet,416.0
35,2003-06,239.273,26.07,770.0,624755.50592913,-,Savannakhet,770.0
36,2003-07,205.158,26.0,1767.0,624755.50592913,-,Savannakhet,1767.0
37,2003-08,324.437,25.19,1108.0,624755.50592913,-,Savannakhet,1108.0
38,2003-09,359.122,24.45,538.0,624755.50592913,-,Savannakhet,538.0
39,2003-10,63.493,24.51,253.0,624755.50592913,-,Savannakhet,253.0
40,2003-11,21.96,23.42,40.0,624755.50592913,-,Savannakhet,40.0
41,2003-12,10.048,20.22,22.0,624755.50592913,-,Savannakhet,22.0
42,2004-01,12.228,21.43,1.0,633471.338867188,-,Savannakhet,1.0
43,2004-02,32.393,21.01,0.0,633471.338867188,-,Savannakhet,0.0
44,2004-03,33.913,25.46,0.0,633471.338867188,-,Savannakhet,0.0
45,2004-04,85.222,26.77,3.0,633471.338867188,-,Savannakhet,3.0
46,2004-05,221.439,26.55,27.0,633471.338867188,-,Savannakhet,27.0
47,2004-06,190.697,26.11,99.0,633471.338867188,-,Savannakhet,99.0
48,2004-07,442.582,25.08,146.0,633471.338867188,-,Savannakhet,146.0
49,2004-08,326.345,25.09,105.0,633471.338867188,-,Savannakhet,105.0
50,2004-09,215.898,24.75,107.0,633471.338867188,-,Savannakhet,107.0
51,2004-10,16.257,24.15,56.0,633471.338867188,-,Savannakhet,56.0
52,2004-11,21.468,23.3,8.0,633471.338867188,-,Savannakhet,8.0
53,2004-12,4.617,20.93,3.0,633471.338867188,-,Savannakhet,3.0
54,2005-01,3.425,21.37,2.0,642187.171805246,-,Savannakhet,2.0
55,2005-02,2.164,25.39,1.0,642187.171805246,-,Savannakhet,1.0
56,2005-03,24.169,24.08,2.0,642187.171805246,-,Savannakhet,2.0
57,2005-04,54.863,26.94,5.0,642187.171805246,-,Savannakhet,5.0
58,2005-05,146.408,27.6,17.0,642187.171805246,-,Savannakhet,17.0
59,2005-06,256.052,26.37,47.0,642187.171805246,-,Savannakhet,47.0
60,2005-07,386.581,25.45,196.0,642187.171805246,-,Savannakhet,196.0
61,2005-08,384.383,24.89,94.0,642187.171805246,-,Savannakhet,94.0
62,2005-09,312.715,25.02,90.0,642187.171805246,-,Savannakhet,90.0
63,2005-10,123.241,24.33,85.0,642187.171805246,-,Savannakhet,85.0
64,2005-11,47.14,23.27,24.0,642187.171805246,-,Savannakhet,24.0
65,2005-12,12.994,19.64,10.0,642187.171805246,-,Savannakhet,10.0
66,2006-01,3.65,21.07,0.0,650903.004743304,-,Savannakhet,0.0
67,2006-02,20.209,22.99,0.0,650903.004743304,-,Savannakhet,0.0
68,2006-03,39.088,25.4,0.0,650903.004743304,-,Savannakhet,0.0
69,2006-04,60.383,26.88,11.0,650903.004743304,-,Savannakhet,11.0
70,2006-05,148.884,26.32,34.0,650903.004743304,-,Savannakhet,34.0
71,2006-06,178.18,26.88,48.0,650903.004743304,-,Savannakhet,48.0
72,2006-07,354.354,25.22,136.0,650903.004743304,-,Savannakhet,136.0
73,2006-08,515.797,24.63,155.0,650903.004743304,-,Savannakhet,155.0
74,2006-09,221.509,24.97,97.0,650903.004743304,-,Savannakhet,97.0
75,2006-10,190.897,24.76,110.0,650903.004743304,-,Savannakhet,110.0
76,2006-11,11.956,25.24,70.0,650903.004743304,-,Savannakhet,70.0
77,2006-12,10.471,21.43,45.0,650903.004743304,-,Savannakhet,45.0
78,2007-01,5.436,20.17,31.0,659618.837681362,-,Savannakhet,31.0
79,2007-02,16.757,24.66,5.0,659618.837681362,-,Savannakhet,5.0
80,2007-03,89.271,25.77,20.0,659618.837681362,-,Savannakhet,20.0
81,2007-04,56.834,26.38,39.0,659618.837681362,-,Savannakhet,39.0
82,2007-05,201.571,26.15,88.0,659618.837681362,-,Savannakhet,88.0
83,2007-06,187.148,26.96,190.0,659618.837681362,-,Savannakhet,190.0
84,2007-07,207.515,26.07,387.0,659618.837681362,-,Savannakhet,387.0
85,2007-08,489.796,25.03,352.0,659618.837681362,-,Savannakhet,352.0
86,2007-09,205.872,24.98,398.0,659618.837681362,-,Savannakhet,398.0
87,2007-10,468.606,23.53,107.0,659618.837681362,-,Savannakhet,107.0
88,2007-11,92.685,20.62,14.0,659618.837681362,-,Savannakhet,14.0
89,2007-12,7.488,22.37,0.0,659618.837681362,-,Savannakhet,0.0
90,2008-01,11.933,20.37,1.0,668334.67061942,-,Savannakhet,1.0
91,2008-02,6.319,18.17,1.0,668334.67061942,-,Savannakhet,1.0
92,2008-03,55.435,24.23,1.0,668334.67061942,-,Savannakhet,1.0
93,2008-04,51.325,27.0,0.0,668334.67061942,-,Savannakhet,0.0
94,2008-05,317.755,25.0,1.0,668334.67061942,-,Savannakhet,1.0
95,2008-06,269.715,25.48,10.0,668334.67061942,-,Savannakhet,10.0
96,2008-07,266.045,25.46,11.0,668334.67061942,-,Savannakhet,11.0
97,2008-08,269.608,25.22,4.0,668334.67061942,-,Savannakhet,4.0
98,2008-09,274.912,24.82,2.0,668334.67061942,-,Savannakhet,2.0
99,2008-10,167.998,24.67,10.0,668334.67061942,-,Savannakhet,10.0
100,2008-11,58.069,21.96,2.0,668334.67061942,-,Savannakhet,2.0
101,2008-12,22.572,19.66,0.0,668334.67061942,-,Savannakhet,0.0
102,2009-01,6.266,18.67,0.0,677050.503557478,-,Savannakhet,0.0
103,2009-02,9.524,25.17,0.0,677050.503557478,-,Savannakhet,0.0
104,2009-03,75.872,25.55,0.0,677050.503557478,-,Savannakhet,0.0
105,2009-04,130.264,26.04,0.0,677050.503557478,-,Savannakhet,0.0
106,2009-05,228.562,25.54,0.0,677050.503557478,-,Savannakhet,0.0
107,2009-06,241.747,25.77,1.0,677050.503557478,-,Savannakhet,1.0
108,2009-07,358.172,25.26,13.0,677050.503557478,-,Savannakhet,13.0
109,2009-08,313.237,25.7,34.0,677050.503557478,-,Savannakhet,34.0
110,2009-09,417.911,25.08,48.0,677050.503557478,-,Savannakhet,48.0
111,2009-10,103.453,24.64,16.0,677050.503557478,-,Savannakhet,16.0
112,2009-11,21.591,22.5,33.0,677050.503557478,-,Savannakhet,33.0
113,2009-12,7.185,22.21,4.0,677050.503557478,-,Savannakhet,4.0
114,2010-01,18.568,22.22,1.0,685766.336495536,-,Savannakhet,1.0
115,2010-02,24.886,25.09,2.0,685766.336495536,-,Savannakhet,2.0
116,2010-03,7.228,26.05,19.0,685766.336495536,-,Savannakhet,19.0
117,2010-04,54.372,28.2,51.0,685766.336495536,-,Savannakhet,51.0
118,2010-05,186.318,27.86,37.0,685766.336495536,-,Savannakhet,37.0
119,2010-06,213.602,26.97,293.0,685766.336495536,-,Savannakhet,293.0
120,2010-07,237.73,26.5,803.0,685766.336495536,-,Savannakhet,803.0
121,2010-08,452.702,24.98,566.0,685766.336495536,-,Savannakhet,566.0
122,2010-09,219.88,25.38,569.0,685766.336495536,-,Savannakhet,569.0
123,2010-10,294.59,23.57,158.0,685766.336495536,-,Savannakhet,158.0
124,2010-11,62.321,22.16,24.0,685766.336495536,-,Savannakhet,24.0
125,2010-12,9.036,21.39,0.0,685766.336495536,-,Savannakhet,0.0
126,2011-01,8.166,18.19,14.0,694482.169433594,-,Savannakhet,14.0
127,2011-02,7.73,22.24,11.0,694482.169433594,-,Savannakhet,11.0
128,2011-03,30.255,21.13,16.0,694482.169433594,-,Savannakhet,16.0
129,2011-04,80.605,25.43,20.0,694482.169433594,-,Savannakhet,20.0
130,2011-05,184.776,26.09,43.0,694482.169433594,-,Savannakhet,43.0
131,2011-06,264.151,25.75,57.0,694482.169433594,-,Savannakhet,57.0
132,2011-07,279.663,25.33,74.0,694482.169433594,-,Savannakhet,74.0
133,2011-08,345.62,24.95,127.0,694482.169433594,-,Savannakhet,127.0
134,2011-09,407.913,23.96,105.0,694482.169433594,-,Savannakhet,105.0
135,2011-10,248.981,23.29,132.0,694482.169433594,-,Savannakhet,132.0
136,2011-11,60.231,23.13,77.0,694482.169433594,-,Savannakhet,77.0
137,2011-12,12.468,18.97,36.0,694482.169433594,-,Savannakhet,36.0
138,2012-01,33.55,20.43,33.0,703198.002371652,-,Savannakhet,33.0
139,2012-02,6.125,22.61,23.0,703198.002371652,-,Savannakhet,23.0
140,2012-03,50.848,24.59,19.0,703198.002371652,-,Savannakhet,19.0
141,2012-04,105.211,26.51,30.0,703198.002371652,-,Savannakhet,30.0
142,2012-05,233.339,26.52,60.0,703198.002371652,-,Savannakhet,60.0
143,2012-06,268.42,25.78,134.0,703198.002371652,-,Savannakhet,134.0
0,2000-07,402.248,25.86,153.0,454021.709263393,-,Vientiane[prefecture],153.0
1,2000-08,390.2,25.99,131.0,454021.709263393,-,Vientiane[prefecture],131.0
2,2000-09,365.473,24.95,121.0,454021.709263393,-,Vientiane[prefecture],121.0
3,2000-10,88.098,25.38,81.0,454021.709263393,-,Vientiane[prefecture],81.0
4,2000-11,1.266,23.25,29.0,454021.709263393,-,Vientiane[prefecture],29.0
5,2000-12,0.163,22.97,25.0,454021.709263393,-,Vientiane[prefecture],25.0
6,2001-01,10.943,23.4,11.0,464472.280970982,-,Vientiane[prefecture],11.0
7,2001-02,0.885,24.75,18.0,464472.280970982,-,Vientiane[prefecture],18.0
8,2001-03,122.123,24.7,37.0,464472.280970982,-,Vientiane[prefecture],37.0
9,2001-04,39.093,29.43,36.0,464472.280970982,-,Vientiane[prefecture],36.0
10,2001-05,476.903,25.58,127.0,464472.280970982,-,Vientiane[prefecture],127.0
11,2001-06,341.425,26.08,183.0,464472.280970982,-,Vientiane[prefecture],183.0
12,2001-07,344.142,25.94,303.0,464472.280970982,-,Vientiane[prefecture],303.0
13,2001-08,548.145,25.96,513.0,464472.280970982,-,Vientiane[prefecture],513.0
14,2001-09,313.392,25.79,313.0,464472.280970982,-,Vientiane[prefecture],313.0
15,2001-10,123.507,25.83,279.0,464472.280970982,-,Vientiane[prefecture],279.0
16,2001-11,21.406,21.8,142.0,464472.280970982,-,Vientiane[prefecture],142.0
17,2001-12,1.182,22.15,71.0,464472.280970982,-,Vientiane[prefecture],71.0
18,2002-01,5.63,21.57,22.0,474922.852678571,-,Vientiane[prefecture],22.0
19,2002-02,3.014,24.8,6.0,474922.852678571,-,Vientiane[prefecture],6.0
20,2002-03,52.647,26.94,13.0,474922.852678571,-,Vientiane[prefecture],13.0
21,2002-04,49.09,28.86,24.0,474922.852678571,-,Vientiane[prefecture],24.0
22,2002-05,498.628,26.33,57.0,474922.852678571,-,Vientiane[prefecture],57.0
23,2002-06,434.051,26.04,99.0,474922.852678571,-,Vientiane[prefecture],99.0
24,2002-07,456.633,25.7,381.0,474922.852678571,-,Vientiane[prefecture],381.0
25,2002-08,488.944,25.13,363.0,474922.852678571,-,Vientiane[prefecture],363.0
26,2002-09,339.684,25.0,243.0,474922.852678571,-,Vientiane[prefecture],243.0
27,2002-10,111.252,25.0,279.0,474922.852678571,-,Vientiane[prefecture],279.0
28,2002-11,16.994,23.77,125.0,474922.852678571,-,Vientiane[prefecture],125.0
29,2002-12,20.655,23.16,56.0,474922.852678571,-,Vientiane[prefecture],56.0
30,2003-01,9.496,20.99,38.0,485373.424386161,-,Vientiane[prefecture],38.0
31,2003-02,38.423,24.34,11.0,485373.424386161,-,Vientiane[prefecture],11.0
32,2003-03,56.762,25.23,28.0,485373.424386161,-,Vientiane[prefecture],28.0
33,2003-04,72.639,28.86,35.0,485373.424386161,-,Vientiane[prefecture],35.0
34,2003-05,242.779,28.48,145.0,485373.424386161,-,Vientiane[prefecture],145.0
35,2003-06,375.15,26.21,269.0,485373.424386161,-,Vientiane[prefecture],269.0
36,2003-07,305.427,26.49,901.0,485373.424386161,-,Vientiane[prefecture],901.0
37,2003-08,354.034,26.12,625.0,485373.424386161,-,Vientiane[prefecture],625.0
38,2003-09,400.558,25.59,389.0,485373.424386161,-,Vientiane[prefecture],389.0
39,2003-10,26.856,26.01,270.0,485373.424386161,-,Vientiane[prefecture],270.0
40,2003-11,0.493,25.13,129.0,485373.424386161,-,Vientiane[prefecture],129.0
41,2003-12,1.004,20.9,37.0,485373.424386161,-,Vientiane[prefecture],37.0
42,2004-01,4.794,21.87,12.0,495823.99609375,-,Vientiane[prefecture],12.0
43,2004-02,49.252,22.02,13.0,495823.99609375,-,Vientiane[prefecture],13.0
44,2004-03,31.825,26.71,7.0,495823.99609375,-,Vientiane[prefecture],7.0
45,2004-04,105.111,27.18,10.0,495823.99609375,-,Vientiane[prefecture],10.0
46,2004-05,359.509,26.26,33.0,495823.99609375,-,Vientiane[prefecture],33.0
47,2004-06,268.815,26.3,60.0,495823.99609375,-,Vientiane[prefecture],60.0
48,2004-07,407.664,25.61,86.0,495823.99609375,-,Vientiane[prefecture],86.0
49,2004-08,332.132,25.88,90.0,495823.99609375,-,Vientiane[prefecture],90.0
50,2004-09,282.741,25.47,66.0,495823.99609375,-,Vientiane[prefecture],66.0
51,2004-10,6.464,25.76,42.0,495823.99609375,-,Vientiane[prefecture],42.0
52,2004-11,22.237,24.47,24.0,495823.99609375,-,Vientiane[prefecture],24.0
53,2004-12,0.142,21.19,12.0,495823.99609375,-,Vientiane[prefecture],12.0
54,2005-01,0.741,22.12,3.0,506274.567801339,-,Vientiane[prefecture],3.0
55,2005-02,15.061,26.15,1.0,506274.567801339,-,Vientiane[prefecture],1.0
56,2005-03,18.522,25.95,8.0,506274.567801339,-,Vientiane[prefecture],8.0
57,2005-04,73.936,28.31,14.0,506274.567801339,-,Vientiane[prefecture],14.0
58,2005-05,238.97,27.8,19.0,506274.567801339,-,Vientiane[prefecture],19.0
59,2005-06,491.288,26.18,52.0,506274.567801339,-,Vientiane[prefecture],52.0
60,2005-07,422.847,26.25,71.0,506274.567801339,-,Vientiane[prefecture],71.0
61,2005-08,532.627,25.57,63.0,506274.567801339,-,Vientiane[prefecture],63.0
62,2005-09,459.94,25.68,70.0,506274.567801339,-,Vientiane[prefecture],70.0
63,2005-10,26.627,26.12,124.0,506274.567801339,-,Vientiane[prefecture],124.0
64,2005-11,34.45,24.54,54.0,506274.567801339,-,Vientiane[prefecture],54.0
65,2005-12,8.298,20.91,13.0,506274.567801339,-,Vientiane[prefecture],13.0
66,2006-01,0.073,22.18,9.0,516725.139508929,-,Vientiane[prefecture],9.0
67,2006-02,12.807,24.59,13.0,516725.139508929,-,Vientiane[prefecture],13.0
68,2006-03,49.583,26.82,4.0,516725.139508929,-,Vientiane[prefecture],4.0
69,2006-04,137.503,27.64,11.0,516725.139508929,-,Vientiane[prefecture],11.0
70,2006-05,304.499,25.81,41.0,516725.139508929,-,Vientiane[prefecture],41.0
71,2006-06,270.76,26.87,137.0,516725.139508929,-,Vientiane[prefecture],137.0
72,2006-07,404.892,26.12,302.0,516725.139508929,-,Vientiane[prefecture],302.0
73,2006-08,544.695,25.58,264.0,516725.139508929,-,Vientiane[prefecture],264.0
74,2006-09,166.425,25.79,157.0,516725.139508929,-,Vientiane[prefecture],157.0
75,2006-10,171.928,25.68,231.0,516725.139508929,-,Vientiane[prefecture],231.0
76,2006-11,3.901,25.76,156.0,516725.139508929,-,Vientiane[prefecture],156.0
77,2006-12,0.741,22.06,131.0,516725.139508929,-,Vientiane[prefecture],131.0
78,2007-01,0.348,21.31,47.0,527175.711216518,-,Vientiane[prefecture],47.0
79,2007-02,21.017,25.35,22.0,527175.711216518,-,Vientiane[prefecture],22.0
80,2007-03,21.011,27.73,17.0,527175.711216518,-,Vientiane[prefecture],17.0
81,2007-04,45.826,28.11,18.0,527175.711216518,-,Vientiane[prefecture],18.0
82,2007-05,237.288,26.44,14.0,527175.711216518,-,Vientiane[prefecture],14.0
83,2007-06,338.646,27.18,57.0,527175.711216518,-,Vientiane[prefecture],57.0
84,2007-07,289.943,26.76,212.0,527175.711216518,-,Vientiane[prefecture],212.0
85,2007-08,486.566,25.87,203.0,527175.711216518,-,Vientiane[prefecture],203.0
86,2007-09,293.385,25.58,300.0,527175.711216518,-,Vientiane[prefecture],300.0
87,2007-10,206.183,24.78,227.0,527175.711216518,-,Vientiane[prefecture],227.0
88,2007-11,8.83,22.61,135.0,527175.711216518,-,Vientiane[prefecture],135.0
89,2007-12,1.782,23.23,91.0,527175.711216518,-,Vientiane[prefecture],91.0
90,2008-01,14.494,21.43,28.0,537626.282924107,-,Vientiane[prefecture],28.0
91,2008-02,22.905,19.84,3.0,537626.282924107,-,Vientiane[prefecture],3.0
92,2008-03,37.419,25.65,12.0,537626.282924107,-,Vientiane[prefecture],12.0
93,2008-04,122.828,26.99,3.0,537626.282924107,-,Vientiane[prefecture],3.0
94,2008-05,282.064,25.83,12.0,537626.282924107,-,Vientiane[prefecture],12.0
95,2008-06,456.686,25.73,25.0,537626.282924107,-,Vientiane[prefecture],25.0
96,2008-07,480.642,25.66,93.0,537626.282924107,-,Vientiane[prefecture],93.0
97,2008-08,408.711,25.79,104.0,537626.282924107,-,Vientiane[prefecture],104.0
98,2008-09,301.067,25.68,104.0,537626.282924107,-,Vientiane[prefecture],104.0
99,2008-10,142.15,25.63,43.0,537626.282924107,-,Vientiane[prefecture],43.0
100,2008-11,61.242,22.37,69.0,537626.282924107,-,Vientiane[prefecture],69.0
101,2008-12,9.09,20.23,63.0,537626.282924107,-,Vientiane[prefecture],63.0
102,2009-01,1.213,19.43,28.0,548076.854631697,-,Vientiane[prefecture],28.0
103,2009-02,5.852,26.05,7.0,548076.854631697,-,Vientiane[prefecture],7.0
104,2009-03,56.629,26.7,10.0,548076.854631697,-,Vientiane[prefecture],10.0
105,2009-04,77.996,27.79,14.0,548076.854631697,-,Vientiane[prefecture],14.0
106,2009-05,298.695,26.52,29.0,548076.854631697,-,Vientiane[prefecture],29.0
107,2009-06,285.018,26.44,73.0,548076.854631697,-,Vientiane[prefecture],73.0
108,2009-07,424.219,26.2,271.0,548076.854631697,-,Vientiane[prefecture],271.0
109,2009-08,326.141,26.57,313.0,548076.854631697,-,Vientiane[prefecture],313.0
110,2009-09,243.711,26.53,403.0,548076.854631697,-,Vientiane[prefecture],403.0
111,2009-10,100.084,26.08,444.0,548076.854631697,-,Vientiane[prefecture],444.0
112,2009-11,3.135,23.37,423.0,548076.854631697,-,Vientiane[prefecture],423.0
113,2009-12,4.588,22.26,268.0,548076.854631697,-,Vientiane[prefecture],268.0
114,2010-01,99.579,22.4,110.0,558527.426339286,-,Vientiane[prefecture],110.0
115,2010-02,4.529,25.48,93.0,558527.426339286,-,Vientiane[prefecture],93.0
116,2010-03,4.093,27.4,68.0,558527.426339286,-,Vientiane[prefecture],68.0
117,2010-04,66.746,29.71,87.0,558527.426339286,-,Vientiane[prefecture],87.0
118,2010-05,252.105,28.47,116.0,558527.426339286,-,Vientiane[prefecture],116.0
119,2010-06,316.23,27.41,193.0,558527.426339286,-,Vientiane[prefecture],193.0
120,2010-07,455.367,26.57,852.0,558527.426339286,-,Vientiane[prefecture],852.0
121,2010-08,580.987,25.58,1291.0,558527.426339286,-,Vientiane[prefecture],1291.0
122,2010-09,353.751,25.89,1117.0,558527.426339286,-,Vientiane[prefecture],1117.0
123,2010-10,157.159,24.69,606.0,558527.426339286,-,Vientiane[prefecture],606.0
124,2010-11,1.463,23.48,212.0,558527.426339286,-,Vientiane[prefecture],212.0
125,2010-12,12.176,22.25,36.0,558527.426339286,-,Vientiane[prefecture],36.0
126,2011-01,2.258,19.5,23.0,568977.998046875,-,Vientiane[prefecture],23.0
127,2011-02,5.528,23.89,18.0,568977.998046875,-,Vientiane[prefecture],18.0
128,2011-03,105.513,22.54,26.0,568977.998046875,-,Vientiane[prefecture],26.0
129,2011-04,69.588,26.93,31.0,568977.998046875,-,Vientiane[prefecture],31.0
130,2011-05,248.2,26.33,67.0,568977.998046875,-,Vientiane[prefecture],67.0
131,2011-06,412.335,26.27,89.0,568977.998046875,-,Vientiane[prefecture],89.0
132,2011-07,540.268,26.08,115.0,568977.998046875,-,Vientiane[prefecture],115.0
133,2011-08,354.639,25.67,197.0,568977.998046875,-,Vientiane[prefecture],197.0
134,2011-09,486.031,25.25,163.0,568977.998046875,-,Vientiane[prefecture],163.0
135,2011-10,152.014,24.64,205.0,568977.998046875,-,Vientiane[prefecture],205.0
136,2011-11,13.382,24.24,120.0,568977.998046875,-,Vientiane[prefecture],120.0
137,2011-12,1.713,20.33,55.0,568977.998046875,-,Vientiane[prefecture],55.0
138,2012-01,18.871,21.82,51.0,579428.569754464,-,Vientiane[prefecture],51.0
139,2012-02,11.774,24.68,36.0,579428.569754464,-,Vientiane[prefecture],36.0
140,2012-03,28.807,26.42,29.0,579428.569754464,-,Vientiane[prefecture],29.0
141,2012-04,129.881,27.8,46.0,579428.569754464,-,Vientiane[prefecture],46.0
142,2012-05,377.271,26.67,94.0,579428.569754464,-,Vientiane[prefecture],94.0
143,2012-06,263.954,26.6,209.0,579428.569754464,-,Vientiane[prefecture],209.0
0,2000-07,281.166,21.51,0.0,184957.966657366,-,Xiangkhoang,0.0
1,2000-08,258.911,21.24,0.0,184957.966657366,-,Xiangkhoang,0.0
2,2000-09,270.867,20.09,0.0,184957.966657366,-,Xiangkhoang,0.0
3,2000-10,140.144,19.03,0.0,184957.966657366,-,Xiangkhoang,0.0
4,2000-11,9.113,16.31,1.0,184957.966657366,-,Xiangkhoang,1.0
5,2000-12,9.818,15.66,0.0,184957.966657366,-,Xiangkhoang,0.0
6,2001-01,16.671,16.44,0.0,185705.02406529,-,Xiangkhoang,0.0
7,2001-02,12.116,17.25,0.0,185705.02406529,-,Xiangkhoang,0.0
8,2001-03,173.032,18.32,0.0,185705.02406529,-,Xiangkhoang,0.0
9,2001-04,78.362,22.01,0.0,185705.02406529,-,Xiangkhoang,0.0
10,2001-05,303.534,20.65,0.0,185705.02406529,-,Xiangkhoang,0.0
11,2001-06,206.281,21.65,0.0,185705.02406529,-,Xiangkhoang,0.0
12,2001-07,340.11,21.22,0.0,185705.02406529,-,Xiangkhoang,0.0
13,2001-08,308.236,21.46,0.0,185705.02406529,-,Xiangkhoang,0.0
14,2001-09,197.292,20.87,0.0,185705.02406529,-,Xiangkhoang,0.0
15,2001-10,122.052,19.86,0.0,185705.02406529,-,Xiangkhoang,0.0
16,2001-11,18.642,15.22,0.0,185705.02406529,-,Xiangkhoang,0.0
17,2001-12,9.167,15.31,0.0,185705.02406529,-,Xiangkhoang,0.0
18,2002-01,28.426,14.66,0.0,186452.081473214,-,Xiangkhoang,0.0
19,2002-02,13.0,17.86,0.0,186452.081473214,-,Xiangkhoang,0.0
20,2002-03,55.226,20.22,0.0,186452.081473214,-,Xiangkhoang,0.0
21,2002-04,68.966,22.05,0.0,186452.081473214,-,Xiangkhoang,0.0
22,2002-05,316.622,21.33,0.0,186452.081473214,-,Xiangkhoang,0.0
23,2002-06,239.403,21.75,0.0,186452.081473214,-,Xiangkhoang,0.0
24,2002-07,427.803,21.07,0.0,186452.081473214,-,Xiangkhoang,0.0
25,2002-08,340.809,20.86,0.0,186452.081473214,-,Xiangkhoang,0.0
26,2002-09,181.726,20.34,0.0,186452.081473214,-,Xiangkhoang,0.0
27,2002-10,103.152,19.1,0.0,186452.081473214,-,Xiangkhoang,0.0
28,2002-11,33.545,16.9,0.0,186452.081473214,-,Xiangkhoang,0.0
29,2002-12,57.978,15.95,0.0,186452.081473214,-,Xiangkhoang,0.0
30,2003-01,21.821,14.1,0.0,187199.138881138,-,Xiangkhoang,0.0
31,2003-02,37.767,17.75,0.0,187199.138881138,-,Xiangkhoang,0.0
32,2003-03,83.478,18.65,0.0,187199.138881138,-,Xiangkhoang,0.0
33,2003-04,97.821,21.8,0.0,187199.138881138,-,Xiangkhoang,0.0
34,2003-05,156.475,22.51,0.0,187199.138881138,-,Xiangkhoang,0.0
35,2003-06,265.49,21.92,0.0,187199.138881138,-,Xiangkhoang,0.0
36,2003-07,317.451,21.99,0.0,187199.138881138,-,Xiangkhoang,0.0
37,2003-08,276.201,21.58,0.0,187199.138881138,-,Xiangkhoang,0.0
38,2003-09,259.641,20.82,0.0,187199.138881138,-,Xiangkhoang,0.0
39,2003-10,25.049,19.71,0.0,187199.138881138,-,Xiangkhoang,0.0
40,2003-11,10.264,18.35,0.0,187199.138881138,-,Xiangkhoang,0.0
41,2003-12,6.961,14.17,0.0,187199.138881138,-,Xiangkhoang,0.0
42,2004-01,12.238,15.27,0.0,187946.196289063,-,Xiangkhoang,0.0
43,2004-02,32.542,15.75,0.0,187946.196289063,-,Xiangkhoang,0.0
44,2004-03,53.748,19.83,0.0,187946.196289063,-,Xiangkhoang,0.0
45,2004-04,209.565,20.36,0.0,187946.196289063,-,Xiangkhoang,0.0
46,2004-05,281.736,21.05,0.0,187946.196289063,-,Xiangkhoang,0.0
47,2004-06,226.171,21.5,0.0,187946.196289063,-,Xiangkhoang,0.0
48,2004-07,387.845,20.91,0.0,187946.196289063,-,Xiangkhoang,0.0
49,2004-08,284.919,21.38,0.0,187946.196289063,-,Xiangkhoang,0.0
50,2004-09,249.945,20.37,0.0,187946.196289063,-,Xiangkhoang,0.0
51,2004-10,16.05,19.2,0.0,187946.196289063,-,Xiangkhoang,0.0
52,2004-11,34.749,17.57,0.0,187946.196289063,-,Xiangkhoang,0.0
53,2004-12,1.773,14.39,0.0,187946.196289063,-,Xiangkhoang,0.0
54,2005-01,8.371,15.51,0.0,188693.253696987,-,Xiangkhoang,0.0
55,2005-02,16.373,19.23,0.0,188693.253696987,-,Xiangkhoang,0.0
56,2005-03,59.402,18.34,0.0,188693.253696987,-,Xiangkhoang,0.0
57,2005-04,97.734,21.09,0.0,188693.253696987,-,Xiangkhoang,0.0
58,2005-05,159.054,22.4,0.0,188693.253696987,-,Xiangkhoang,0.0
59,2005-06,239.204,21.91,0.0,188693.253696987,-,Xiangkhoang,0.0
60,2005-07,388.199,21.82,0.0,188693.253696987,-,Xiangkhoang,0.0
61,2005-08,537.994,21.04,0.0,188693.253696987,-,Xiangkhoang,0.0
62,2005-09,317.736,20.72,0.0,188693.253696987,-,Xiangkhoang,0.0
63,2005-10,35.813,19.28,0.0,188693.253696987,-,Xiangkhoang,0.0
64,2005-11,33.913,17.94,0.0,188693.253696987,-,Xiangkhoang,0.0
65,2005-12,18.841,13.69,0.0,188693.253696987,-,Xiangkhoang,0.0
66,2006-01,2.146,15.66,0.0,189440.311104911,-,Xiangkhoang,0.0
67,2006-02,21.376,17.42,0.0,189440.311104911,-,Xiangkhoang,0.0
68,2006-03,60.885,19.76,0.0,189440.311104911,-,Xiangkhoang,0.0
69,2006-04,133.518,21.0,0.0,189440.311104911,-,Xiangkhoang,0.0
70,2006-05,187.146,20.86,0.0,189440.311104911,-,Xiangkhoang,0.0
71,2006-06,152.46,22.31,0.0,189440.311104911,-,Xiangkhoang,0.0
72,2006-07,330.403,21.63,0.0,189440.311104911,-,Xiangkhoang,0.0
73,2006-08,314.92,20.88,1.0,189440.311104911,-,Xiangkhoang,1.0
74,2006-09,139.162,20.5,0.0,189440.311104911,-,Xiangkhoang,0.0
75,2006-10,151.044,19.66,0.0,189440.311104911,-,Xiangkhoang,0.0
76,2006-11,5.629,19.16,0.0,189440.311104911,-,Xiangkhoang,0.0
77,2006-12,5.928,14.92,0.0,189440.311104911,-,Xiangkhoang,0.0
78,2007-01,6.037,14.24,0.0,190187.368512835,-,Xiangkhoang,0.0
79,2007-02,23.946,18.49,0.0,190187.368512835,-,Xiangkhoang,0.0
80,2007-03,33.195,20.74,0.0,190187.368512835,-,Xiangkhoang,0.0
81,2007-04,117.614,20.41,0.0,190187.368512835,-,Xiangkhoang,0.0
82,2007-05,167.779,21.23,0.0,190187.368512835,-,Xiangkhoang,0.0
83,2007-06,171.895,22.81,0.0,190187.368512835,-,Xiangkhoang,0.0
84,2007-07,177.169,22.42,0.0,190187.368512835,-,Xiangkhoang,0.0
85,2007-08,259.857,21.71,0.0,190187.368512835,-,Xiangkhoang,0.0
86,2007-09,252.216,20.62,0.0,190187.368512835,-,Xiangkhoang,0.0
87,2007-10,229.511,18.81,0.0,190187.368512835,-,Xiangkhoang,0.0
88,2007-11,4.941,15.48,0.0,190187.368512835,-,Xiangkhoang,0.0
89,2007-12,9.275,16.41,0.0,190187.368512835,-,Xiangkhoang,0.0
90,2008-01,30.259,14.88,0.0,190934.425920759,-,Xiangkhoang,0.0
91,2008-02,34.457,12.81,0.0,190934.425920759,-,Xiangkhoang,0.0
92,2008-03,101.128,18.4,0.0,190934.425920759,-,Xiangkhoang,0.0
93,2008-04,128.113,20.79,0.0,190934.425920759,-,Xiangkhoang,0.0
94,2008-05,211.453,21.02,0.0,190934.425920759,-,Xiangkhoang,0.0
95,2008-06,332.035,21.21,1.0,190934.425920759,-,Xiangkhoang,1.0
96,2008-07,336.115,20.99,0.0,190934.425920759,-,Xiangkhoang,0.0
97,2008-08,276.144,21.24,0.0,190934.425920759,-,Xiangkhoang,0.0
98,2008-09,198.149,20.86,0.0,190934.425920759,-,Xiangkhoang,0.0
99,2008-10,139.088,19.62,0.0,190934.425920759,-,Xiangkhoang,0.0
100,2008-11,64.197,15.52,0.0,190934.425920759,-,Xiangkhoang,0.0
101,2008-12,15.519,13.41,0.0,190934.425920759,-,Xiangkhoang,0.0
102,2009-01,3.073,12.91,0.0,191681.483328683,-,Xiangkhoang,0.0
103,2009-02,8.278,19.67,0.0,191681.483328683,-,Xiangkhoang,0.0
104,2009-03,63.935,20.1,0.0,191681.483328683,-,Xiangkhoang,0.0
105,2009-04,111.699,21.0,0.0,191681.483328683,-,Xiangkhoang,0.0
106,2009-05,206.209,21.42,39.0,191681.483328683,-,Xiangkhoang,39.0
107,2009-06,181.202,22.13,33.0,191681.483328683,-,Xiangkhoang,33.0
108,2009-07,372.936,21.58,1.0,191681.483328683,-,Xiangkhoang,1.0
109,2009-08,232.232,21.81,10.0,191681.483328683,-,Xiangkhoang,10.0
110,2009-09,184.365,21.3,0.0,191681.483328683,-,Xiangkhoang,0.0
111,2009-10,64.302,20.29,0.0,191681.483328683,-,Xiangkhoang,0.0
112,2009-11,7.875,17.07,0.0,191681.483328683,-,Xiangkhoang,0.0
113,2009-12,8.353,16.02,0.0,191681.483328683,-,Xiangkhoang,0.0
114,2010-01,128.479,16.06,0.0,192428.540736607,-,Xiangkhoang,0.0
115,2010-02,10.389,18.39,0.0,192428.540736607,-,Xiangkhoang,0.0
116,2010-03,31.833,19.84,0.0,192428.540736607,-,Xiangkhoang,0.0
117,2010-04,102.362,22.28,0.0,192428.540736607,-,Xiangkhoang,0.0
118,2010-05,201.557,22.92,0.0,192428.540736607,-,Xiangkhoang,0.0
119,2010-06,150.412,22.82,0.0,192428.540736607,-,Xiangkhoang,0.0
120,2010-07,223.717,22.34,9.0,192428.540736607,-,Xiangkhoang,9.0
121,2010-08,411.382,21.24,28.0,192428.540736607,-,Xiangkhoang,28.0
122,2010-09,199.166,21.21,34.0,192428.540736607,-,Xiangkhoang,34.0
123,2010-10,157.759,18.73,5.0,192428.540736607,-,Xiangkhoang,5.0
124,2010-11,8.593,16.63,2.0,192428.540736607,-,Xiangkhoang,2.0
125,2010-12,24.897,15.94,2.0,192428.540736607,-,Xiangkhoang,2.0
126,2011-01,10.576,12.4,0.0,193175.598144531,-,Xiangkhoang,0.0
127,2011-02,19.087,17.09,0.0,193175.598144531,-,Xiangkhoang,0.0
128,2011-03,127.289,15.34,0.0,193175.598144531,-,Xiangkhoang,0.0
129,2011-04,107.156,19.71,0.0,193175.598144531,-,Xiangkhoang,0.0
130,2011-05,251.393,20.89,1.0,193175.598144531,-,Xiangkhoang,1.0
131,2011-06,486.871,21.63,1.0,193175.598144531,-,Xiangkhoang,1.0
132,2011-07,315.919,21.57,1.0,193175.598144531,-,Xiangkhoang,1.0
133,2011-08,291.788,21.22,1.0,193175.598144531,-,Xiangkhoang,1.0
134,2011-09,333.345,20.62,1.0,193175.598144531,-,Xiangkhoang,1.0
135,2011-10,61.526,18.85,2.0,193175.598144531,-,Xiangkhoang,2.0
136,2011-11,14.897,17.49,1.0,193175.598144531,-,Xiangkhoang,1.0
137,2011-12,4.68,13.1,0.0,193175.598144531,-,Xiangkhoang,0.0
138,2012-01,28.734,15.08,0.0,193922.655552455,-,Xiangkhoang,0.0
139,2012-02,15.177,17.87,0.0,193922.655552455,-,Xiangkhoang,0.0
140,2012-03,32.684,19.77,0.0,193922.655552455,-,Xiangkhoang,0.0
141,2012-04,114.017,21.46,0.0,193922.655552455,-,Xiangkhoang,0.0
142,2012-05,225.59,22.04,1.0,193922.655552455,-,Xiangkhoang,1.0
143,2012-06,244.232,22.0,2.0,193922.655552455,-,Xiangkhoang,2.0
